"SITE_ID","RT_NLA","EPA_REG","WSA_ECO9","LAKE_ORIGIN","PTL","NTL","CHLA","SECMEAN"
"NLA06608-0001","REF","Region_8","WMT","NATURAL",6,151,0.24,6.4
"NLA06608-0002","SO-SO","Region_4","CPL","MAN-MADE",36,695,3.84,0.55
"NLA06608-0003","TRASH","Region_6","CPL","NATURAL",43,738,16.96,0.71
"NLA06608-0004","SO-SO","Region_8","WMT","MAN-MADE",18,344,4.6,1.8
"NLA06608-0006","REF","Region_1","NAP","MAN-MADE",7,184,4.08,3.21
"NLA06608-0007","REF","Region_5","UMW","NATURAL",8,493,2.43,3.15
"NLA06608-0008","SO-SO","Region_7","TPL","MAN-MADE",66,801,30.24,0.79
"NLA06608-0010","SO-SO","Region_5","UMW","NATURAL",10,473,4.38,4.48
"NLA06608-0012","TRASH","Region_6","SPL","MAN-MADE",159,1026,4.9,0.31
"NLA06608-0013","SO-SO","Region_2","CPL","MAN-MADE",28,384,16.03,0.65
"NLA06608-0014","TRASH","Region_8","TPL","NATURAL",175,4147,8.75,0.85
"NLA06608-0015","SO-SO","Region_6","XER","MAN-MADE",109,470,20,0.37
"NLA06608-0016","SO-SO","Region_7","SPL","MAN-MADE",6,490,13,0.54
"NLA06608-0019","TRASH","Region_8","NPL","NATURAL",801,7047,4.03,0.35
"NLA06608-0020","REF","Region_5","TPL","MAN-MADE",30,605,20.24,0.69
"NLA06608-0021","SO-SO","Region_2","NAP","NATURAL",7,390,2.29,7.1
"NLA06608-0023","REF","Region_6","SPL","MAN-MADE",12,349,2.78,0.95
"NLA06608-0024","SO-SO","Region_6","CPL","MAN-MADE",35,860,44.15,0.9
"NLA06608-0025","REF","Region_4","SAP","MAN-MADE",10,195,1.3,3.55
"NLA06608-0029","SO-SO","Region_3","CPL","MAN-MADE",247,2106,123.12,0.27
"NLA06608-0031","SO-SO","Region_5","SAP","MAN-MADE",32,428,5.26,0.98
"NLA06608-0033","TRASH","Region_10","WMT","NATURAL",67,835,8.92,0.7
"NLA06608-0036","REF","Region_5","TPL","MAN-MADE",8,178,5.07,2.23
"NLA06608-0037","TRASH","Region_1","NAP","NATURAL",14,239,8.02,2.9
"NLA06608-0038","TRASH","Region_1","NAP","NATURAL",4,158,4.33,4.45
"NLA06608-0041","SO-SO","Region_3","SAP","MAN-MADE",1,476,0.88,9.48
"NLA06608-0042","SO-SO","Region_8","WMT","MAN-MADE",15,213,2.21,3.38
"NLA06608-0043","SO-SO","Region_5","UMW","NATURAL",9,645,5.41,1.85
"NLA06608-0044","TRASH","Region_7","SPL","NATURAL",601,4108,135.61,0.12
"NLA06608-0045","SO-SO","Region_3","SAP","MAN-MADE",54,648,20.16,0.86
"NLA06608-0048","SO-SO","Region_7","CPL","NATURAL",111,773,54,0.28
"NLA06608-0049","SO-SO","Region_10","WMT","MAN-MADE",15,256,1.14,2.53
"NLA06608-0050","SO-SO","Region_1","NAP","NATURAL",16,303,3.95,1.5
"NLA06608-0053","SO-SO","Region_2","NAP","NATURAL",29,246,6.26,0.85
"NLA06608-0057","TRASH","Region_4","SAP","MAN-MADE",218,1756,125.4,0.5
"NLA06608-0061","SO-SO","Region_9","XER","MAN-MADE",19,481,3.5,2
"NLA06608-0062","SO-SO","Region_8","NPL","NATURAL",152,2834,2.18,1.16
"NLA06608-0064","TRASH","Region_8","NPL","NATURAL",2047,3366,19.04,0.46
"NLA06608-0065","SO-SO","Region_8","WMT","NATURAL",1,71,0.57,7.02
"NLA06608-0066","SO-SO","Region_3","SAP","MAN-MADE",7,665,1.75,2.75
"NLA06608-0068","SO-SO","Region_8","WMT","MAN-MADE",1,168,0.95,3.8
"NLA06608-0069","REF","Region_4","CPL","NATURAL",39,420,7.41,0.65
"NLA06608-0071","TRASH","Region_6","CPL","NATURAL",415,2441,198.72,0.38
"NLA06608-0072","TRASH","Region_6","SPL","MAN-MADE",174,1724,10.13,0.68
"NLA06608-0073","TRASH","Region_9","XER","MAN-MADE",4679,1055,0.49,13.45
"NLA06608-0076","SO-SO","Region_7","TPL","MAN-MADE",24,436,10.88,1.26
"NLA06608-0078","SO-SO","Region_8","TPL","NATURAL",136,4747,10.02,0.75
"NLA06608-0079","REF","Region_8","WMT","NATURAL",4,97,2.35,6.85
"NLA06608-0080","SO-SO","Region_6","CPL","NATURAL",100,956,58.46,0.51
"NLA06608-0081","SO-SO","Region_10","WMT","NATURAL",22,741,6.66,5.74
"NLA06608-0085","TRASH","Region_10","XER","MAN-MADE",417,1581,4.04,0.1
"NLA06608-0086","SO-SO","Region_10","WMT","NATURAL",20,288,18.24,2.07
"NLA06608-0089","SO-SO","Region_4","SAP","MAN-MADE",35,333,11.36,1.35
"NLA06608-0090","SO-SO","Region_8","WMT","NATURAL",11,253,4.36,4.15
"NLA06608-0091","TRASH","Region_5","TPL","NATURAL",170,2021,118.8,0.31
"NLA06608-0099","SO-SO","Region_5","TPL","NATURAL",6,601,4.6,1.95
"NLA06608-0101","SO-SO","Region_1","NAP","NATURAL",1,63,0.7,9.6
"NLA06608-0102","SO-SO","Region_1","NAP","NATURAL",1,137,1.2,4.37
"NLA06608-0104","SO-SO","Region_7","SPL","MAN-MADE",102,1076,38.2,0.23
"NLA06608-0105","REF","Region_8","WMT","MAN-MADE",45,339,5.98,1.4
"NLA06608-0110","REF","Region_5","UMW","NATURAL",12,491,1.77,3.85
"NLA06608-0111","SO-SO","Region_5","NAP","MAN-MADE",6,343,3.26,1.68
"NLA06608-0112","SO-SO","Region_5","TPL","MAN-MADE",96,1266,84.76,0.51
"NLA06608-0113","SO-SO","Region_1","NAP","NATURAL",9,190,4.69,2.3
"NLA06608-0115","SO-SO","Region_5","UMW","NATURAL",5,540,1.35,2.6
"NLA06608-0116","SO-SO","Region_6","WMT","MAN-MADE",26,271,2.82,1.43
"NLA06608-0120","TRASH","Region_6","SPL","MAN-MADE",315,1174,2.54,0.18
"NLA06608-0124","SO-SO","Region_7","SPL","NATURAL",213,340,31.59,0.2
"NLA06608-0126","TRASH","Region_8","NPL","NATURAL",502,5728,228.24,0.17
"NLA06608-0127","REF","Region_9","WMT","MAN-MADE",19,641,5.92,2.2
"NLA06608-0128","SO-SO","Region_8","NPL","MAN-MADE",76,1356,0.46,0.85
"NLA06608-0129","SO-SO","Region_8","WMT","NATURAL",5,108,0.43,9.11
"NLA06608-0130","TRASH","Region_9","XER","MAN-MADE",36,2234,12.91,1.63
"NLA06608-0132","SO-SO","Region_9","WMT","MAN-MADE",56,466,8.11,1.35
"NLA06608-0134","TRASH","Region_1","NAP","NATURAL",4,156,1.58,7.6
"NLA06608-0137","SO-SO","Region_9","XER","NATURAL",3,82,1.33,9.9
"NLA06608-0139","SO-SO","Region_5","UMW","NATURAL",33,763,12.8,1.35
"NLA06608-0140","SO-SO","Region_7","TPL","MAN-MADE",173,1158,52.56,0.53
"NLA06608-0141","SO-SO","Region_3","CPL","MAN-MADE",73,975,110.16,0.52
"NLA06608-0142","REF","Region_5","UMW","NATURAL",7,293,1.36,4.7
"NLA06608-0144","SO-SO","Region_6","SPL","MAN-MADE",69,898,22.25,0.96
"NLA06608-0148","SO-SO","Region_5","TPL","MAN-MADE",16,342,1.87,2.8
"NLA06608-0149","TRASH","Region_3","NAP","NATURAL",12,220,4.18,2.3
"NLA06608-0150","SO-SO","Region_1","NAP","NATURAL",16,366,8.22,1.97
"NLA06608-0152","SO-SO","Region_6","SPL","MAN-MADE",21,521,5.2,1.2
"NLA06608-0153","SO-SO","Region_3","SAP","MAN-MADE",34,656,10.4,1.68
"NLA06608-0155","SO-SO","Region_5","TPL","NATURAL",114,1520,79.8,0.87
"NLA06608-0158","SO-SO","Region_5","UMW","NATURAL",16,651,3.14,5.58
"NLA06608-0161","TRASH","Region_4","CPL","NATURAL",30,1069,39,0.65
"NLA06608-0162","SO-SO","Region_1","NAP","NATURAL",14,244,2.56,2.15
"NLA06608-0167","TRASH","Region_5","UMW","NATURAL",1184,15625,936,0.1
"NLA06608-0168","SO-SO","Region_7","TPL","MAN-MADE",61,866,21.76,0.4
"NLA06608-0169","SO-SO","Region_8","WMT","MAN-MADE",33,353,2.59,5.35
"NLA06608-0173","TRASH","Region_9","XER","MAN-MADE",57,2218,70.4,0.22
"NLA06608-0174","SO-SO","Region_5","UMW","NATURAL",19,1002,6.75,1.7
"NLA06608-0175","SO-SO","Region_5","TPL","MAN-MADE",55,698,19.68,0.91
"NLA06608-0176","SO-SO","Region_6","CPL","NATURAL",207,848,25.76,0.29
"NLA06608-0177","REF","Region_1","NAP","MAN-MADE",6,177,3.58,2.75
"NLA06608-0179","TRASH","Region_8","NPL","MAN-MADE",209,5181,18.4,0.57
"NLA06608-0180","SO-SO","Region_6","SPL","MAN-MADE",61,721,30.62,0.24
"NLA06608-0181","SO-SO","Region_9","XER","NATURAL",6,514,1.38,7
"NLA06608-0183","SO-SO","Region_5","UMW","NATURAL",68,907,30.1,1.1
"NLA06608-0184","SO-SO","Region_7","TPL","MAN-MADE",100,1049,40.75,0.35
"NLA06608-0189","SO-SO","Region_3","SAP","MAN-MADE",77,871,32.26,0.38
"NLA06608-0190","SO-SO","Region_5","UMW","NATURAL",16,666,5.17,2.45
"NLA06608-0191","REF","Region_4","SAP","MAN-MADE",1,48,1.13,6.9
"NLA06608-0195","SO-SO","Region_8","NPL","NATURAL",447,1955,15.55,0.83
"NLA06608-0196","SO-SO","Region_5","TPL","MAN-MADE",94,1250,31.4,0.83
"NLA06608-0198","SO-SO","Region_1","CPL","NATURAL",25,353,10.67,2.1
"NLA06608-0201","REF","Region_9","WMT","MAN-MADE",3,40,0.8,7.75
"NLA06608-0203","REF","Region_4","SAP","MAN-MADE",1,239,0.77,4.48
"NLA06608-0204","SO-SO","Region_6","SPL","MAN-MADE",125,1355,68.85,0.4
"NLA06608-0207","SO-SO","Region_4","SAP","MAN-MADE",14,384,6.52,2.1
"NLA06608-0208","SO-SO","Region_6","CPL","MAN-MADE",162,1687,65.6,0.28
"NLA06608-0209","TRASH","Region_10","WMT","NATURAL",4,205,2.41,7.1
"NLA06608-0212","SO-SO","Region_5","SAP","MAN-MADE",8,88,4.36,2.1
"NLA06608-0215","SO-SO","Region_5","UMW","NATURAL",83,1463,58.46,0.68
"NLA06608-0216","SO-SO","Region_7","TPL","MAN-MADE",619,1367,19.2,0.35
"NLA06608-0217","SO-SO","Region_4","SAP","MAN-MADE",6,508,17.6,1.13
"NLA06608-0219","SO-SO","Region_5","UMW","NATURAL",36,1826,55.58,0.35
"NLA06608-0220","TRASH","Region_7","SPL","NATURAL",872,22613,871.2,0.1
"NLA06608-0221","SO-SO","Region_3","CPL","MAN-MADE",38,594,31.68,0.72
"NLA06608-0222","SO-SO","Region_8","NPL","MAN-MADE",114,2008,38.74,0.48
"NLA06608-0223","SO-SO","Region_4","SAP","MAN-MADE",45,569,21.92,1.38
"NLA06608-0224","SO-SO","Region_7","SAP","MAN-MADE",14,283,1.88,1.93
"NLA06608-0225","SO-SO","Region_8","NPL","MAN-MADE",4,130,0.88,4.3
"NLA06608-0226","SO-SO","Region_1","NAP","MAN-MADE",8,328,5.89,2.43
"NLA06608-0228","SO-SO","Region_8","SPL","MAN-MADE",25,408,1.43,4.4
"NLA06608-0229","REF","Region_2","NAP","NATURAL",4,219,3.6,3
"NLA06608-0234","SO-SO","Region_5","UMW","NATURAL",14,584,4.78,3.3
"NLA06608-0235","SO-SO","Region_5","UMW","NATURAL",8,626,7.8,1.65
"NLA06608-0238","SO-SO","Region_5","UMW","NATURAL",7,265,2.98,3.9
"NLA06608-0239","SO-SO","Region_4","SAP","MAN-MADE",36,383,2.66,1.9
"NLA06608-0240","SO-SO","Region_8","NPL","MAN-MADE",14,396,2.1,3.05
"NLA06608-0241","SO-SO","Region_10","XER","MAN-MADE",80,774,9.74,0.35
"NLA06608-0242","SO-SO","Region_1","NAP","MAN-MADE",20,300,2.87,2.6
"NLA06608-0243","SO-SO","Region_8","NPL","MAN-MADE",7,203,1.82,3.89
"NLA06608-0244","TRASH","Region_6","SPL","MAN-MADE",15,436,6,1.03
"NLA06608-0245","SO-SO","Region_9","XER","MAN-MADE",11,329,2.66,5.15
"NLA06608-0247","SO-SO","Region_8","TPL","NATURAL",202,1625,55.8,1.19
"NLA06608-0253","SO-SO","Region_4","CPL","MAN-MADE",127,968,32.54,0.83
"NLA06608-0254","SO-SO","Region_8","TPL","NATURAL",175,2816,49.6,0.6
"NLA06608-0255","SO-SO","Region_4","SAP","MAN-MADE",4,276,2.44,3.63
"NLA06608-0257","SO-SO","Region_8","WMT","MAN-MADE",1,79,1.15,4.65
"NLA06608-0259","SO-SO","Region_8","NPL","NATURAL",613,3172,48.24,0.55
"NLA06608-0260","SO-SO","Region_6","WMT","MAN-MADE",8,136,1.27,3.7
"NLA06608-0268","SO-SO","Region_6","SPL","MAN-MADE",20,464,7.7,1.05
"NLA06608-0271","SO-SO","Region_5","TPL","NATURAL",99,857,30.04,0.38
"NLA06608-0275","SO-SO","Region_8","NPL","NATURAL",331,3084,6.72,0.75
"NLA06608-0276","REF","Region_8","WMT","MAN-MADE",7,254,1.98,7.4
"NLA06608-0277","SO-SO","Region_10","XER","MAN-MADE",117,451,12.93,0.55
"NLA06608-0279","SO-SO","Region_5","TPL","NATURAL",239,4600,126.27,0.25
"NLA06608-0280","SO-SO","Region_6","CPL","MAN-MADE",81,1229,20.95,0.98
"NLA06608-0281","SO-SO","Region_4","SAP","MAN-MADE",44,639,25.1,0.73
"NLA06608-0283","SO-SO","Region_4","CPL","MAN-MADE",33,381,9.86,0.54
"NLA06608-0284","SO-SO","Region_6","SPL","MAN-MADE",79,865,20.8,0.46
"NLA06608-0285","SO-SO","Region_3","CPL","MAN-MADE",138,4222,35.28,0.55
"NLA06608-0286","SO-SO","Region_5","UMW","NATURAL",5,413,2.22,5.42
"NLA06608-0290","TRASH","Region_10","WMT","MAN-MADE",178,273,4.3,0.45
"NLA06608-0291","SO-SO","Region_5","TPL","NATURAL",13,553,3.62,3.65
"NLA06608-0293","SO-SO","Region_1","NAP","NATURAL",30,759,21.89,1.2
"NLA06608-0294","SO-SO","Region_1","NAP","NATURAL",1,343,2.34,5.05
"NLA06608-0295","SO-SO","Region_8","TPL","NATURAL",242,2026,5.73,0.67
"NLA06608-0297","REF","Region_4","CPL","MAN-MADE",31,587,14.13,1.13
"NLA06608-0299","SO-SO","Region_5","UMW","NATURAL",18,915,3.78,2.85
"NLA06608-0302","TRASH","Region_8","TPL","NATURAL",1871,6934,203.76,0.22
"NLA06608-0303","TRASH","Region_5","TPL","MAN-MADE",79,1523,84.24,0.63
"NLA06608-0306","TRASH","Region_10","XER","MAN-MADE",271,1525,38.73,0.15
"NLA06608-0312","SO-SO","Region_7","TPL","MAN-MADE",35,355,19.2,0.9
"NLA06608-0313","SO-SO","Region_4","CPL","MAN-MADE",24,279,15.08,0.73
"NLA06608-0318","SO-SO","Region_5","UMW","NATURAL",43,847,13.89,1.65
"NLA06608-0319","SO-SO","Region_4","SAP","MAN-MADE",16,251,4.48,1.45
"NLA06608-0324","TRASH","Region_3","SAP","MAN-MADE",21,248,4.82,1.5
"NLA06608-0325","SO-SO","Region_4","CPL","NATURAL",50,814,46,0.55
"NLA06608-0326","SO-SO","Region_1","NAP","MAN-MADE",5,225,1.26,4.25
"NLA06608-0327","SO-SO","Region_4","CPL","NATURAL",13,281,56.74,0.31
"NLA06608-0328","SO-SO","Region_6","CPL","MAN-MADE",82,1093,117.5,0.53
"NLA06608-0330","SO-SO","Region_5","UMW","NATURAL",13,289,1.1,3.95
"NLA06608-0332","SO-SO","Region_6","SAP","MAN-MADE",11,260,6.44,1.93
"NLA06608-0333","SO-SO","Region_2","SAP","MAN-MADE",15,282,5.04,2.5
"NLA06608-0334","SO-SO","Region_8","TPL","NATURAL",142,1834,5.88,1.63
"NLA06608-0337","SO-SO","Region_10","WMT","NATURAL",23,586,7.84,3.03
"NLA06608-0339","SO-SO","Region_8","NPL","NATURAL",376,1659,7.44,1.95
"NLA06608-0340","REF","Region_6","WMT","MAN-MADE",23,333,9.9,1.87
"NLA06608-0341","SO-SO","Region_2","NAP","NATURAL",23,333,5.28,3.65
"NLA06608-0343","SO-SO","Region_8","TPL","NATURAL",117,2606,45.36,1.36
"NLA06608-0344","SO-SO","Region_7","TPL","MAN-MADE",53,848,24.8,1
"NLA06608-0345","TRASH","Region_3","SAP","MAN-MADE",22,511,6.05,2.45
"NLA06608-0350","SO-SO","Region_5","UMW","NATURAL",18,902,17.44,1.15
"NLA06608-0356","SO-SO","Region_6","SPL","MAN-MADE",167,2897,110.7,1.85
"NLA06608-0357","SO-SO","Region_1","NAP","MAN-MADE",14,276,5.62,1.78
"NLA06608-0358","REF","Region_1","NAP","NATURAL",7,209,3.69,2.23
"NLA06608-0359","SO-SO","Region_8","TPL","MAN-MADE",191,1296,42.66,0.3
"NLA06608-0361","SO-SO","Region_4","SAP","MAN-MADE",19,171,11.86,1.98
"NLA06608-0363","TRASH","Region_5","UMW","MAN-MADE",18,567,11.68,1.7
"NLA06608-0366","SO-SO","Region_5","UMW","NATURAL",14,601,7.57,2.55
"NLA06608-0367","TRASH","Region_5","NAP","MAN-MADE",54,2157,59.4,0.29
"NLA06608-0369","SO-SO","Region_1","NAP","NATURAL",1,163,1.74,6
"NLA06608-0372","REF","Region_8","SPL","MAN-MADE",16,229,3.16,5.4
"NLA06608-0373","TRASH","Region_9","WMT","MAN-MADE",1,104,0.68,7.74
"NLA06608-0376","SO-SO","Region_6","SPL","MAN-MADE",6,324,4.25,1.73
"NLA06608-0377","SO-SO","Region_3","SAP","MAN-MADE",46,850,44.93,0.55
"NLA06608-0378","SO-SO","Region_8","NPL","MAN-MADE",9,223,0.55,3
"NLA06608-0386","SO-SO","Region_3","SAP","MAN-MADE",9,475,0.83,6.8
"NLA06608-0388","REF","Region_4","SAP","MAN-MADE",3,85,0.33,3.48
"NLA06608-0393","SO-SO","Region_9","XER","MAN-MADE",8,101,1.24,2.74
"NLA06608-0395","SO-SO","Region_4","SAP","MAN-MADE",13,231,30.4,0.68
"NLA06608-0399","SO-SO","Region_5","UMW","MAN-MADE",13,586,3.35,2.27
"NLA06608-0401","SO-SO","Region_1","NAP","NATURAL",10,279,16.16,1.87
"NLA06608-0402","TRASH","Region_10","WMT","MAN-MADE",176,2287,73.73,0.82
"NLA06608-0403","SO-SO","Region_5","UMW","NATURAL",20,485,5.36,2.05
"NLA06608-0405","SO-SO","Region_3","NAP","MAN-MADE",16,458,8.56,2.55
"NLA06608-0407","SO-SO","Region_8","TPL","NATURAL",762,2872,1.81,2.47
"NLA06608-0408","SO-SO","Region_6","SPL","MAN-MADE",15,270,5.67,1.17
"NLA06608-0413","TRASH","Region_3","SAP","MAN-MADE",106,581,108.58,0.95
"NLA06608-0414","REF","Region_5","UMW","NATURAL",40,1296,6.69,0.9
"NLA06608-0421","SO-SO","Region_2","NAP","MAN-MADE",9,537,2.18,2.9
"NLA06608-0425","SO-SO","Region_8","WMT","MAN-MADE",234,1433,16.16,1.43
"NLA06608-0426","SO-SO","Region_5","UMW","NATURAL",5,574,3.12,3.6
"NLA06608-0432","SO-SO","Region_4","CPL","MAN-MADE",218,644,24.8,0.31
"NLA06608-0433","SO-SO","Region_1","NAP","NATURAL",7,422,1.68,5.05
"NLA06608-0435","SO-SO","Region_5","UMW","MAN-MADE",78,1824,23.2,0.8
"NLA06608-0436","SO-SO","Region_6","SAP","MAN-MADE",29,398,18.22,1.52
"NLA06608-0439","TRASH","Region_8","NPL","NATURAL",1056,19200,377.28,0.1
"NLA06608-0440","TRASH","Region_6","SPL","MAN-MADE",182,853,5.46,0.64
"NLA06608-0442","TRASH","Region_8","NPL","NATURAL",385,6559,4.5,0.76
"NLA06608-0445","TRASH","Region_5","SAP","MAN-MADE",15,336,6.85,1.47
"NLA06608-0447","SO-SO","Region_4","SAP","MAN-MADE",3,79,1.21,4.5
"NLA06608-0449","SO-SO","Region_10","WMT","NATURAL",16,404,4.39,1.95
"NLA06608-0452","SO-SO","Region_8","SPL","MAN-MADE",37,604,7.25,1.21
"NLA06608-0453","SO-SO","Region_4","CPL","NATURAL",48,1056,4.31,0.75
"NLA06608-0456","SO-SO","Region_6","SPL","MAN-MADE",29,681,25.1,1.1
"NLA06608-0458","SO-SO","Region_4","CPL","MAN-MADE",39,947,15.06,1.15
"NLA06608-0459","SO-SO","Region_4","SAP","MAN-MADE",8,200,3.98,2.63
"NLA06608-0463","SO-SO","Region_5","UMW","MAN-MADE",82,1031,30.72,0.58
"NLA06608-0467","SO-SO","Region_5","TPL","NATURAL",15,788,12.72,1.1
"NLA06608-0468","REF","Region_8","WMT","NATURAL",8,179,0.64,7.1
"NLA06608-0469","SO-SO","Region_3","NAP","NATURAL",11,191,3.35,4
"NLA06608-0470","SO-SO","Region_1","NAP","NATURAL",8,193,1.51,5.75
"NLA06608-0471","REF","Region_8","TPL","NATURAL",24,839,5.52,1.77
"NLA06608-0472","SO-SO","Region_6","SAP","MAN-MADE",78,803,19.2,0.39
"NLA06608-0473","SO-SO","Region_4","SAP","MAN-MADE",55,714,36.82,1.03
"NLA06608-0479","SO-SO","Region_5","TPL","NATURAL",14,318,5.3,2.92
"NLA06608-0480","TRASH","Region_7","SAP","MAN-MADE",3,194,1.52,5.21
"NLA06608-0483","SO-SO","Region_6","XER","MAN-MADE",4,461,3.84,4.32
"NLA06608-0484","SO-SO","Region_4","CPL","MAN-MADE",190,1519,126.4,0.28
"NLA06608-0488","SO-SO","Region_7","SPL","MAN-MADE",162,1070,49.68,0.45
"NLA06608-0489","TRASH","Region_3","SAP","MAN-MADE",107,1275,24.32,0.5
"NLA06608-0493","SO-SO","Region_3","SAP","MAN-MADE",15,353,9.47,1.52
"NLA06608-0494","SO-SO","Region_5","UMW","NATURAL",4,401,24.64,1.65
"NLA06608-0495","REF","Region_8","WMT","MAN-MADE",11,136,1.77,4.68
"NLA06608-0497","SO-SO","Region_10","XER","MAN-MADE",17,156,0.86,1.42
"NLA06608-0498","SO-SO","Region_1","NAP","NATURAL",44,820,26.42,1.05
"NLA06608-0500","SO-SO","Region_6","SAP","MAN-MADE",21,266,13.12,1.55
"NLA06608-0501","REF","Region_9","XER","MAN-MADE",6,182,0.63,5.95
"NLA06608-0502","SO-SO","Region_5","UMW","NATURAL",5,648,2.28,3.83
"NLA06608-0503","TRASH","Region_8","TPL","NATURAL",430,5916,244.8,0.14
"NLA06608-0508","TRASH","Region_4","CPL","MAN-MADE",283,756,28,0.26
"NLA06608-0509","TRASH","Region_3","SAP","MAN-MADE",4,821,1.23,5.5
"NLA06608-0510","SO-SO","Region_8","TPL","NATURAL",165,2916,71.2,0.48
"NLA06608-0511","SO-SO","Region_8","WMT","MAN-MADE",13,112,2.35,1.7
"NLA06608-0512","SO-SO","Region_8","TPL","NATURAL",61,2447,11.84,0.71
"NLA06608-0514","SO-SO","Region_3","SAP","MAN-MADE",7,1009,3.86,3.05
"NLA06608-0515","SO-SO","Region_8","NPL","NATURAL",335,4984,5.92,0.84
"NLA06608-0523","SO-SO","Region_8","TPL","NATURAL",115,1738,48.6,1.25
"NLA06608-0526","SO-SO","Region_5","UMW","NATURAL",17,651,11.01,1.55
"NLA06608-0528","TRASH","Region_7","SPL","MAN-MADE",65,814,11.79,0.7
"NLA06608-0529","SO-SO","Region_10","XER","NATURAL",42,508,26.08,1.93
"NLA06608-0530","TRASH","Region_4","CPL","MAN-MADE",117,1016,17.76,1.05
"NLA06608-0531","TRASH","Region_8","NPL","NATURAL",57,2697,3.81,1.15
"NLA06608-0533","TRASH","Region_2","NAP","MAN-MADE",6,178,3.18,3.8
"NLA06608-0537","SO-SO","Region_3","SAP","MAN-MADE",11,256,2.34,1.78
"NLA06608-0540","SO-SO","Region_6","SPL","MAN-MADE",235,2250,95.04,0.21
"NLA06608-0541","TRASH","Region_3","SAP","MAN-MADE",14,329,6.02,1.6
"NLA06608-0546","TRASH","Region_1","NAP","NATURAL",181,4022,14.94,1.98
"NLA06608-0547","SO-SO","Region_5","UMW","MAN-MADE",10,519,2.11,3.6
"NLA06608-0550","SO-SO","Region_1","NAP","NATURAL",1,234,1.31,5.95
"NLA06608-0551","SO-SO","Region_5","UMW","NATURAL",54,1361,16.8,1.75
"NLA06608-0555","SO-SO","Region_5","UMW","NATURAL",8,578,5.65,2.03
"NLA06608-0558","REF","Region_5","UMW","NATURAL",17,1154,7.22,2.4
"NLA06608-0560","SO-SO","Region_6","SPL","MAN-MADE",27,532,12.96,0.8
"NLA06608-0561","SO-SO","Region_10","WMT","NATURAL",5,86,0.14,7.05
"NLA06608-0562","SO-SO","Region_1","NAP","MAN-MADE",9,334,2.08,2.78
"NLA06608-0564","REF","Region_6","XER","MAN-MADE",14,217,6.65,2.42
"NLA06608-0565","TRASH","Region_9","XER","MAN-MADE",81,704,40.9,0.76
"NLA06608-0569","TRASH","Region_9","WMT","MAN-MADE",518,2188,54,0.43
"NLA06608-0570","SO-SO","Region_8","NPL","MAN-MADE",12,300,3.49,5.06
"NLA06608-0579","SO-SO","Region_8","NPL","NATURAL",229,2694,7.14,0.14
"NLA06608-0580","TRASH","Region_3","SAP","MAN-MADE",10,183,1.82,4.75
"NLA06608-0581","SO-SO","Region_10","XER","MAN-MADE",8,241,1.93,6.6
"NLA06608-0582","TRASH","Region_1","NAP","MAN-MADE",315,2709,15.7,1.5
"NLA06608-0583","TRASH","Region_4","CPL","NATURAL",590,4897,326.88,0.28
"NLA06608-0585","TRASH","Region_9","XER","MAN-MADE",105,505,2.53,0.24
"NLA06608-0587","TRASH","Region_5","UMW","NATURAL",29,1153,15.28,1.09
"NLA06608-0588","TRASH","Region_7","SPL","MAN-MADE",589,1729,7.47,0.09
"NLA06608-0591","REF","Region_4","SAP","MAN-MADE",5,182,5.81,2.1
"NLA06608-0593","SO-SO","Region_10","WMT","MAN-MADE",4,203,10.69,4.91
"NLA06608-0594","SO-SO","Region_4","CPL","MAN-MADE",41,821,20.64,0.88
"NLA06608-0595","SO-SO","Region_8","NPL","NATURAL",258,3828,106.56,0.27
"NLA06608-0596","REF","Region_8","WMT","MAN-MADE",1,96,0.99,5.55
"NLA06608-0597","SO-SO","Region_10","XER","MAN-MADE",22,361,7.8,1.26
"NLA06608-0599","SO-SO","Region_6","CPL","MAN-MADE",90,1012,50.26,0.64
"NLA06608-0606","SO-SO","Region_5","UMW","NATURAL",15,708,5.82,1.55
"NLA06608-0608","TRASH","Region_7","CPL","NATURAL",327,2184,102.6,0.42
"NLA06608-0609","SO-SO","Region_4","CPL","NATURAL",239,3334,187.92,0.23
"NLA06608-0610","SO-SO","Region_1","NAP","NATURAL",11,549,5.81,2.6
"NLA06608-0611","SO-SO","Region_5","TPL","NATURAL",53,903,20.64,1.45
"NLA06608-0614","SO-SO","Region_10","WMT","MAN-MADE",8,259,1.22,4.97
"NLA06608-0617","SO-SO","Region_9","WMT","MAN-MADE",40,513,2.44,0.93
"NLA06608-0618","SO-SO","Region_4","CPL","MAN-MADE",23,257,10.17,0.98
"NLA06608-0619","SO-SO","Region_5","UMW","NATURAL",7,733,2.95,2.35
"NLA06608-0622","SO-SO","Region_5","UMW","NATURAL",16,508,4.4,1.4
"NLA06608-0623","SO-SO","Region_5","NAP","MAN-MADE",43,628,23.2,1.15
"NLA06608-0624","SO-SO","Region_5","TPL","MAN-MADE",49,1274,35.2,0.86
"NLA06608-0625","REF","Region_10","WMT","NATURAL",1,55,0.62,7.55
"NLA06608-0627","SO-SO","Region_5","UMW","NATURAL",11,616,3.19,3.3
"NLA06608-0628","SO-SO","Region_6","SPL","MAN-MADE",40,793,2.3,0.55
"NLA06608-0630","REF","Region_5","UMW","NATURAL",8,771,2.62,2.05
"NLA06608-0632","SO-SO","Region_7","TPL","MAN-MADE",44,746,34,0.98
"NLA06608-0634","TRASH","Region_8","NPL","NATURAL",288,6800,139.68,0.41
"NLA06608-0635","SO-SO","Region_8","SPL","MAN-MADE",18,224,5.15,2.03
"NLA06608-0637","REF","Region_8","WMT","MAN-MADE",21,454,7.41,4.2
"NLA06608-0641","SO-SO","Region_10","WMT","NATURAL",49,737,25.44,1.8
"NLA06608-0648","SO-SO","Region_7","SPL","NATURAL",349,8603,78.29,0.2
"NLA06608-0649","SO-SO","Region_9","WMT","MAN-MADE",9,95,3.64,5.25
"NLA06608-0650","SO-SO","Region_10","WMT","NATURAL",23,466,6.9,1.8
"NLA06608-0651","REF","Region_4","SAP","MAN-MADE",12,290,12.96,1.45
"NLA06608-0654","SO-SO","Region_5","UMW","NATURAL",22,698,9.15,1.15
"NLA06608-0657","SO-SO","Region_1","NAP","NATURAL",20,559,12.48,0.95
"NLA06608-0658","SO-SO","Region_10","WMT","NATURAL",5,110,1.12,6.65
"NLA06608-0659","SO-SO","Region_8","TPL","MAN-MADE",432,1593,24.14,1.38
"NLA06608-0660","TRASH","Region_5","TPL","NATURAL",8,1546,2.9,2.13
"NLA06608-0661","SO-SO","Region_3","NAP","MAN-MADE",22,601,25.92,1.64
"NLA06608-0662","TRASH","Region_1","NAP","NATURAL",12,256,2.97,2.55
"NLA06608-0663","TRASH","Region_8","TPL","NATURAL",618,6603,273.6,0.13
"NLA06608-0665","SO-SO","Region_4","CPL","MAN-MADE",1,86,2.5,2.25
"NLA06608-0672","SO-SO","Region_5","TPL","NATURAL",213,2273,63.36,0.31
"NLA06608-0677","TRASH","Region_10","XER","NATURAL",150,1864,25.72,0.48
"NLA06608-0679","SO-SO","Region_5","UMW","NATURAL",13,635,12.11,2.28
"NLA06608-0681","SO-SO","Region_3","SAP","MAN-MADE",9,249,3.44,2.48
"NLA06608-0687","SO-SO","Region_8","WMT","MAN-MADE",13,198,2.28,6.5
"NLA06608-0690","SO-SO","Region_1","NAP","MAN-MADE",15,479,4.61,2.81
"NLA06608-0692","SO-SO","Region_7","SPL","MAN-MADE",23,631,13.76,2.05
"NLA06608-0696","TRASH","Region_6","SPL","MAN-MADE",252,829,32.62,0.82
"NLA06608-0707","TRASH","Region_8","NPL","NATURAL",127,4034,5.6,2.15
"NLA06608-0709","SO-SO","Region_4","CPL","NATURAL",202,2492,98.46,0.45
"NLA06608-0710","SO-SO","Region_1","CPL","NATURAL",21,302,7.44,1.56
"NLA06608-0711","SO-SO","Region_6","CPL","MAN-MADE",74,523,16.32,0.83
"NLA06608-0712","REF","Region_6","SPL","MAN-MADE",14,417,3.06,3.26
"NLA06608-0713","REF","Region_9","WMT","MAN-MADE",7,138,1.65,3.2
"NLA06608-0715","REF","Region_8","WMT","MAN-MADE",4,123,3.55,3.8
"NLA06608-0717","SO-SO","Region_3","CPL","MAN-MADE",225,2030,216,0.29
"NLA06608-0718","TRASH","Region_8","NPL","NATURAL",616,1869,2.64,0.28
"NLA06608-0720","SO-SO","Region_7","SPL","MAN-MADE",195,1435,19.2,0.78
"NLA06608-0721","SO-SO","Region_10","WMT","MAN-MADE",21,441,7.1,2.27
"NLA06608-0723","SO-SO","Region_7","SPL","NATURAL",24,1433,5.65,1.63
"NLA06608-0724","SO-SO","Region_5","TPL","MAN-MADE",9,273,2.97,3.69
"NLA06608-0726","REF","Region_1","NAP","NATURAL",6,202,1.5,3.95
"NLA06608-0727","SO-SO","Region_8","TPL","NATURAL",191,3722,130.4,0.32
"NLA06608-0731","SO-SO","Region_5","UMW","NATURAL",17,1221,2.88,4.13
"NLA06608-0733","SO-SO","Region_9","XER","MAN-MADE",28,993,2.85,0.26
"NLA06608-0734","SO-SO","Region_5","UMW","NATURAL",16,364,3.15,0.66
"NLA06608-0738","SO-SO","Region_1","NAP","NATURAL",3,223,1.7,5.25
"NLA06608-0743","SO-SO","Region_5","UMW","NATURAL",5,406,6.03,2.23
"NLA06608-0744","SO-SO","Region_7","TPL","MAN-MADE",100,1243,97.49,0.48
"NLA06608-0749","SO-SO","Region_3","SAP","MAN-MADE",50,464,13.74,0.53
"NLA06608-0751","REF","Region_4","SAP","MAN-MADE",1,99,3.62,2.95
"NLA06608-0753","TRASH","Region_2","NAP","NATURAL",15,367,8.8,2.2
"NLA06608-0754","SO-SO","Region_1","NAP","NATURAL",3,251,1.15,4.85
"NLA06608-0755","TRASH","Region_8","NPL","MAN-MADE",1104,2216,114.6,0.42
"NLA06608-0756","SO-SO","Region_6","SPL","MAN-MADE",3,326,10.96,0.95
"NLA06608-0759","SO-SO","Region_5","TPL","NATURAL",360,4153,185.4,0.15
"NLA06608-0761","TRASH","Region_2","SAP","MAN-MADE",12,403,54,0.65
"NLA06608-0762","SO-SO","Region_8","NPL","NATURAL",264,3940,133.2,0.21
"NLA06608-0764","SO-SO","Region_7","SPL","MAN-MADE",58,1386,24.26,1.1
"NLA06608-0765","SO-SO","Region_3","SAP","MAN-MADE",29,507,11.39,1.5
"NLA06608-0766","SO-SO","Region_8","TPL","NATURAL",40,1673,33.94,1.85
"NLA06608-0769","SO-SO","Region_10","WMT","NATURAL",16,384,15.36,1.78
"NLA06608-0770","TRASH","Region_9","XER","MAN-MADE",28,1455,6.82,0.59
"NLA06608-0771","SO-SO","Region_5","UMW","NATURAL",20,622,6.4,2.05
"NLA06608-0775","SO-SO","Region_6","SPL","MAN-MADE",18,569,1.82,2.5
"NLA06608-0779","SO-SO","Region_8","TPL","NATURAL",1543,3916,98.5,0.16
"NLA06608-0781","SO-SO","Region_2","NAP","MAN-MADE",34,729,17.92,1.05
"NLA06608-0782","REF","Region_5","UMW","NATURAL",7,443,3.28,2.05
"NLA06608-0783","TRASH","Region_5","TPL","MAN-MADE",819,1896,50.93,0.15
"NLA06608-0785","TRASH","Region_10","XER","MAN-MADE",15,2621,6.57,2.1
"NLA06608-0792","SO-SO","Region_6","SPL","MAN-MADE",47,760,30.24,0.79
"NLA06608-0793","TRASH","Region_3","SAP","MAN-MADE",19,340,3.07,2.7
"NLA06608-0794","REF","Region_8","WMT","NATURAL",3,91,1.06,9.1
"NLA06608-0797","TRASH","Region_9","XER","MAN-MADE",24,418,4.24,1.53
"NLA06608-0802","SO-SO","Region_1","NAP","NATURAL",18,361,5.23,1.24
"NLA06608-0804","SO-SO","Region_4","TPL","MAN-MADE",13,335,5.01,1.78
"NLA06608-0805","SO-SO","Region_1","NAP","MAN-MADE",51,755,2.27,1.6
"NLA06608-0806","SO-SO","Region_1","NAP","NATURAL",20,427,8.32,1.25
"NLA06608-0807","TRASH","Region_8","TPL","NATURAL",511,1505,27.5,1.2
"NLA06608-0808","TRASH","Region_7","TPL","MAN-MADE",126,1748,76.8,0.45
"NLA06608-0809","SO-SO","Region_9","WMT","MAN-MADE",13,546,3.01,2.3
"NLA06608-0811","REF","Region_5","UMW","NATURAL",51,1224,50.04,1.15
"NLA06608-0812","SO-SO","Region_4","CPL","MAN-MADE",11,357,6.45,1.36
"NLA06608-0815","SO-SO","Region_4","CPL","MAN-MADE",39,269,27.2,1.05
"NLA06608-0820","TRASH","Region_4","SAP","MAN-MADE",323,2841,120.8,0.35
"NLA06608-0823","SO-SO","Region_5","UMW","NATURAL",7,331,2.08,3.95
"NLA06608-0824","SO-SO","Region_6","TPL","MAN-MADE",22,309,6.23,1.05
"NLA06608-0825","SO-SO","Region_8","XER","MAN-MADE",88,1001,39.7,0.95
"NLA06608-0827","SO-SO","Region_8","SPL","MAN-MADE",23,543,11.6,1.15
"NLA06608-0828","SO-SO","Region_4","CPL","NATURAL",114,1510,68.4,0.61
"NLA06608-0830","TRASH","Region_8","NPL","NATURAL",1617,15563,272,0.06
"NLA06608-0831","REF","Region_4","SAP","MAN-MADE",4,44,1.3,3.75
"NLA06608-0834","SO-SO","Region_9","WMT","MAN-MADE",23,583,8.05,1.73
"NLA06608-0836","SO-SO","Region_9","XER","MAN-MADE",51,1184,2.7,1.5
"NLA06608-0837","SO-SO","Region_10","XER","NATURAL",109,1460,55.58,0.79
"NLA06608-0842","SO-SO","Region_8","WMT","NATURAL",13,71,1.56,4.35
"NLA06608-0843","TRASH","Region_4","SAP","MAN-MADE",8,196,2.57,2.26
"NLA06608-0846","SO-SO","Region_5","UMW","MAN-MADE",39,875,31.84,0.8
"NLA06608-0847","SO-SO","Region_5","TPL","MAN-MADE",395,3572,189.36,0.23
"NLA06608-0849","REF","Region_10","WMT","NATURAL",5,189,4.7,3.17
"NLA06608-0850","SO-SO","Region_8","WMT","MAN-MADE",19,486,2.3,3.4
"NLA06608-0851","SO-SO","Region_8","NPL","NATURAL",44,1104,7.8,0.9
"NLA06608-0856","REF","Region_6","SPL","MAN-MADE",31,483,9.47,0.98
"NLA06608-0857","SO-SO","Region_4","SAP","MAN-MADE",31,469,12.72,1.15
"NLA06608-0859","SO-SO","Region_5","TPL","NATURAL",33,913,11.47,1.25
"NLA06608-0860","TRASH","Region_7","TPL","MAN-MADE",222,6672,11.17,0.32
"NLA06608-0862","SO-SO","Region_5","UMW","NATURAL",11,654,3.57,2.75
"NLA06608-0863","SO-SO","Region_5","SAP","MAN-MADE",36,446,14.38,1.04
"NLA06608-0864","SO-SO","Region_8","SPL","MAN-MADE",11,973,9.22,1.2
"NLA06608-0865","SO-SO","Region_4","CPL","NATURAL",100,1489,83.52,0.45
"NLA06608-0868","SO-SO","Region_4","TPL","MAN-MADE",61,1184,29.48,0.45
"NLA06608-0869","TRASH","Region_3","NAP","MAN-MADE",44,479,11.66,0.88
"NLA06608-0870","SO-SO","Region_10","WMT","MAN-MADE",43,87,0.49,12.51
"NLA06608-0871","TRASH","Region_5","TPL","NATURAL",407,5378,256.32,0.15
"NLA06608-0872","SO-SO","Region_7","SPL","MAN-MADE",276,1129,14.32,0.13
"NLA06608-0873","TRASH","Region_9","WMT","MAN-MADE",141,433,9.98,0.14
"NLA06608-0874","SO-SO","Region_5","UMW","NATURAL",29,3441,14.16,1.35
"NLA06608-0875","SO-SO","Region_5","UMW","NATURAL",16,720,6.14,1.75
"NLA06608-0877","TRASH","Region_9","XER","MAN-MADE",14,878,11.8,0.78
"NLA06608-0878","SO-SO","Region_5","UMW","NATURAL",18,630,6.11,1.65
"NLA06608-0880","SO-SO","Region_8","SPL","MAN-MADE",134,1463,41.6,0.25
"NLA06608-0881","SO-SO","Region_10","WMT","MAN-MADE",42,513,15.89,1.19
"NLA06608-0885","TRASH","Region_9","XER","MAN-MADE",1386,865,23.04,0.56
"NLA06608-0889","SO-SO","Region_9","XER","MAN-MADE",204,404,11.93,0.29
"NLA06608-0890","REF","Region_5","UMW","NATURAL",8,449,3.38,3.5
"NLA06608-0891","SO-SO","Region_7","SPL","MAN-MADE",133,1137,30.68,0.2
"NLA06608-0893","SO-SO","Region_5","SAP","MAN-MADE",14,303,6.96,1.28
"NLA06608-0895","TRASH","Region_9","WMT","MAN-MADE",237,520,13.86,0.2
"NLA06608-0899","TRASH","Region_8","NPL","NATURAL",495,4472,69.19,0.55
"NLA06608-0900","SO-SO","Region_5","TPL","MAN-MADE",48,700,15.65,1.2
"NLA06608-0904","SO-SO","Region_7","TPL","NATURAL",135,1603,77.2,0.3
"NLA06608-0905","SO-SO","Region_9","WMT","MAN-MADE",12,358,1.29,8.9
"NLA06608-0906","REF","Region_8","WMT","NATURAL",1,111,0.83,7.45
"NLA06608-0913","SO-SO","Region_1","NAP","NATURAL",10,697,3.44,1.89
"NLA06608-0914","REF","Region_1","NAP","NATURAL",10,171,1.29,5.53
"NLA06608-0915","SO-SO","Region_5","UMW","NATURAL",102,1410,37.87,0.85
"NLA06608-0916","SO-SO","Region_8","WMT","MAN-MADE",16,237,1.73,0.6
"NLA06608-0918","REF","Region_1","NAP","NATURAL",4,244,2.38,2.87
"NLA06608-0921","SO-SO","Region_4","SAP","MAN-MADE",7,340,19.5,0.78
"NLA06608-0922","SO-SO","Region_8","NPL","MAN-MADE",12,226,1.24,1.45
"NLA06608-0924","TRASH","Region_7","SPL","NATURAL",447,14400,98,0.23
"NLA06608-0925","TRASH","Region_9","XER","MAN-MADE",1,1160,1.02,11.88
"NLA06608-0926","REF","Region_5","UMW","NATURAL",4,252,1.47,6.7
"NLA06608-0927","SO-SO","Region_8","XER","NATURAL",18,498,2.72,2.75
"NLA06608-0929","SO-SO","Region_8","WMT","MAN-MADE",14,354,1.56,4.3
"NLA06608-0930","SO-SO","Region_1","NAP","NATURAL",4,174,1.3,6.45
"NLA06608-0933","TRASH","Region_10","WMT","MAN-MADE",136,775,8.16,1.04
"NLA06608-0934","REF","Region_10","WMT","NATURAL",1,5,0.07,36.71
"NLA06608-0935","SO-SO","Region_5","UMW","NATURAL",36,1198,18.72,1.15
"NLA06608-0938","SO-SO","Region_5","UMW","NATURAL",34,519,11.89,1.46
"NLA06608-0940","SO-SO","Region_7","SPL","MAN-MADE",37,866,22.56,1.38
"NLA06608-0942","REF","Region_5","UMW","NATURAL",6,306,2.38,4.05
"NLA06608-0943","REF","Region_4","SAP","MAN-MADE",5,93,2.29,3.05
"NLA06608-0944","TRASH","Region_8","NPL","MAN-MADE",523,1419,25.23,0.04
"NLA06608-0946","SO-SO","Region_1","NAP","MAN-MADE",30,552,14.96,1.77
"NLA06608-0950","SO-SO","Region_8","XER","MAN-MADE",20,234,1.72,5.55
"NLA06608-0955","SO-SO","Region_8","WMT","MAN-MADE",10,288,2.78,2.75
"NLA06608-0957","SO-SO","Region_3","SAP","MAN-MADE",8,276,2.16,4.28
"NLA06608-0958","SO-SO","Region_5","UMW","NATURAL",18,511,8.56,1.65
"NLA06608-0961","SO-SO","Region_10","WMT","NATURAL",11,189,3.64,3.53
"NLA06608-0962","SO-SO","Region_8","WMT","MAN-MADE",6,190,1.4,6.2
"NLA06608-0967","SO-SO","Region_8","NPL","MAN-MADE",1016,1998,15.5,0.58
"NLA06608-0968","SO-SO","Region_7","TPL","NATURAL",145,3553,47.6,0.32
"NLA06608-0970","REF","Region_8","WMT","NATURAL",3,140,0.86,5.5
"NLA06608-0971","SO-SO","Region_5","TPL","MAN-MADE",54,787,28.58,1.27
"NLA06608-0972","TRASH","Region_6","SPL","MAN-MADE",619,938,13.36,0.1
"NLA06608-0974","REF","Region_5","UMW","NATURAL",4,101,1.68,5.45
"NLA06608-0979","SO-SO","Region_8","WMT","MAN-MADE",68,952,3.75,3.52
"NLA06608-0980","SO-SO","Region_5","TPL","MAN-MADE",176,923,84,0.4
"NLA06608-0982","SO-SO","Region_1","NAP","NATURAL",6,248,2.08,4.5
"NLA06608-0984","SO-SO","Region_6","CPL","MAN-MADE",115,878,32.64,0.38
"NLA06608-0986","TRASH","Region_4","CPL","MAN-MADE",7,186,5.22,2.46
"NLA06608-0987","SO-SO","Region_5","UMW","NATURAL",40,1800,38.3,0.85
"NLA06608-0989","SO-SO","Region_3","SAP","MAN-MADE",56,856,65.2,0.4
"NLA06608-0990","SO-SO","Region_5","UMW","NATURAL",40,960,20.32,1.05
"NLA06608-0993","SO-SO","Region_2","NAP","NATURAL",1,551,0.53,8.4
"NLA06608-0994","SO-SO","Region_1","NAP","NATURAL",5,214,3.74,3.15
"NLA06608-0997","SO-SO","Region_1","NAP","NATURAL",4,204,1.5,5.55
"NLA06608-1001","REF","Region_4","CPL","MAN-MADE",24,416,5.28,1.1
"NLA06608-1003","TRASH","Region_5","UMW","NATURAL",12,524,3.82,3.55
"NLA06608-1005","TRASH","Region_3","SAP","MAN-MADE",40,425,22.88,0.83
"NLA06608-1006","SO-SO","Region_8","NPL","NATURAL",278,3391,34.2,0.38
"NLA06608-1007","SO-SO","Region_5","TPL","MAN-MADE",30,479,9.26,1.5
"NLA06608-1008","SO-SO","Region_8","NPL","MAN-MADE",4,86,0.52,4.75
"NLA06608-1010","SO-SO","Region_1","NAP","MAN-MADE",38,901,22.72,1.2
"NLA06608-1012","SO-SO","Region_7","TPL","MAN-MADE",41,880,7.19,1.6
"NLA06608-1014","SO-SO","Region_5","UMW","NATURAL",15,568,9.81,4.2
"NLA06608-1015","SO-SO","Region_7","TPL","NATURAL",77,1704,66.24,0.42
"NLA06608-1016","SO-SO","Region_6","SPL","MAN-MADE",69,749,21.44,0.6
"NLA06608-1018","REF","Region_5","UMW","NATURAL",36,1174,7.56,1
"NLA06608-1022","TRASH","Region_8","NPL","NATURAL",553,5003,138.24,0.38
"NLA06608-1024","SO-SO","Region_8","TPL","NATURAL",19,439,6.66,1.46
"NLA06608-1034","SO-SO","Region_5","UMW","NATURAL",5,563,1.98,4.45
"NLA06608-1035","SO-SO","Region_7","TPL","NATURAL",160,4348,255.6,0.24
"NLA06608-1036","SO-SO","Region_7","TPL","NATURAL",94,856,39.89,0.55
"NLA06608-1037","SO-SO","Region_2","CPL","MAN-MADE",25,441,10.56,1.05
"NLA06608-1038","SO-SO","Region_5","UMW","NATURAL",20,561,4,1.6
"NLA06608-1039","SO-SO","Region_4","SAP","MAN-MADE",81,1454,125.28,0.23
"NLA06608-1041","TRASH","Region_10","XER","NATURAL",190,1878,3.31,3.53
"NLA06608-1044","SO-SO","Region_4","CPL","MAN-MADE",54,344,18.4,1.15
"NLA06608-1045","TRASH","Region_2","NAP","NATURAL",6,236,1.26,7.3
"NLA06608-1047","SO-SO","Region_6","CPL","MAN-MADE",3,285,9.6,2.27
"NLA06608-1052","SO-SO","Region_7","SPL","MAN-MADE",295,1329,28.66,0.78
"NLA06608-1055","SO-SO","Region_5","SAP","MAN-MADE",88,1477,89.71,0.54
"NLA06608-1056","SO-SO","Region_7","SAP","MAN-MADE",22,464,8.75,2.08
"NLA06608-1057","REF","Region_10","WMT","NATURAL",1,28,0.15,4.89
"NLA06608-1058","SO-SO","Region_10","WMT","NATURAL",1,171,0.8,6.45
"NLA06608-1059","SO-SO","Region_5","TPL","NATURAL",161,1406,39.8,0.95
"NLA06608-1060","SO-SO","Region_5","TPL","MAN-MADE",243,2372,155.52,0.41
"NLA06608-1070","SO-SO","Region_8","TPL","NATURAL",774,1183,23.11,1.55
"NLA06608-1073","REF","Region_10","WMT","NATURAL",3,68,0.34,10.3
"NLA06608-1083","SO-SO","Region_8","SPL","MAN-MADE",530,2784,318.24,0.63
"NLA06608-1086","SO-SO","Region_8","NPL","NATURAL",92,3950,13.86,0.51
"NLA06608-1087","SO-SO","Region_4","SAP","MAN-MADE",14,273,3.58,1.53
"NLA06608-1089","REF","Region_8","WMT","NATURAL",8,293,1.04,8.2
"NLA06608-1091","SO-SO","Region_8","NPL","NATURAL",90,2503,12.67,1.55
"NLA06608-1096","SO-SO","Region_7","NPL","MAN-MADE",171,665,36.17,0.25
"NLA06608-1100","TRASH","Region_7","TPL","MAN-MADE",8,262,2.9,4.28
"NLA06608-1102","REF","Region_5","UMW","NATURAL",4,230,2.1,3.95
"NLA06608-1103","TRASH","Region_5","TPL","MAN-MADE",224,6469,10.98,0.41
"NLA06608-1107","TRASH","Region_8","NPL","NATURAL",733,7750,49.03,0.18
"NLA06608-1108","SO-SO","Region_5","TPL","MAN-MADE",126,1328,53.64,0.57
"NLA06608-1111","SO-SO","Region_5","TPL","NATURAL",193,1500,46.22,0.28
"NLA06608-1113","SO-SO","Region_4","SAP","MAN-MADE",9,118,7.57,2.25
"NLA06608-1114","SO-SO","Region_4","CPL","NATURAL",63,558,12.5,0.83
"NLA06608-1115","SO-SO","Region_5","TPL","MAN-MADE",19,1041,4.42,3.49
"NLA06608-1119","SO-SO","Region_8","WMT","MAN-MADE",16,265,2.21,1.75
"NLA06608-1120","TRASH","Region_7","SAP","MAN-MADE",144,165,8.02,1.35
"NLA06608-1122","SO-SO","Region_1","NAP","MAN-MADE",9,318,5.92,2.02
"NLA06608-1125","SO-SO","Region_1","NAP","NATURAL",17,315,4.18,3.65
"NLA06608-1129","REF","Region_9","WMT","MAN-MADE",12,336,4.32,2.05
"NLA06608-1130","SO-SO","Region_5","UMW","NATURAL",65,634,23.68,1.08
"NLA06608-1131","SO-SO","Region_5","UMW","NATURAL",1,504,6.19,1.68
"NLA06608-1134","REF","Region_5","UMW","NATURAL",24,826,9.43,1.3
"NLA06608-1141","SO-SO","Region_9","XER","MAN-MADE",45,824,10.16,1.75
"NLA06608-1145","SO-SO","Region_3","SAP","MAN-MADE",60,724,17.83,0.78
"NLA06608-1147","SO-SO","Region_8","SPL","MAN-MADE",775,1414,42.24,0.65
"NLA06608-1148","TRASH","Region_7","SPL","NATURAL",242,6934,48,0.15
"NLA06608-1150","REF","Region_5","UMW","NATURAL",11,500,3.79,2.35
"NLA06608-1151","SO-SO","Region_9","WMT","MAN-MADE",129,648,13.72,1.45
"NLA06608-1153","REF","Region_8","WMT","NATURAL",3,224,0.25,13.74
"NLA06608-1155","SO-SO","Region_8","NPL","NATURAL",122,3069,28.68,0.95
"NLA06608-1162","SO-SO","Region_5","UMW","NATURAL",8,541,3.08,3.45
"NLA06608-1163","SO-SO","Region_5","UMW","NATURAL",11,778,4.01,2.8
"NLA06608-1164","SO-SO","Region_6","SPL","MAN-MADE",23,424,8.08,0.83
"NLA06608-1166","SO-SO","Region_5","UMW","NATURAL",1,197,1.15,7.25
"NLA06608-1167","SO-SO","Region_5","UMW","NATURAL",5,461,2.62,4.4
"NLA06608-1170","SO-SO","Region_8","WMT","MAN-MADE",6,240,1.22,5.35
"NLA06608-1172","TRASH","Region_5","SAP","MAN-MADE",4,241,3,2.65
"NLA06608-1174","REF","Region_1","NAP","NATURAL",4,298,2.76,3.27
"NLA06608-1175","SO-SO","Region_5","UMW","NATURAL",69,1328,32.11,0.55
"NLA06608-1177","SO-SO","Region_4","CPL","MAN-MADE",24,328,16.64,1.1
"NLA06608-1179","SO-SO","Region_5","TPL","MAN-MADE",133,2741,349.2,0.3
"NLA06608-1181","SO-SO","Region_4","SAP","MAN-MADE",9,251,82.22,0.6
"NLA06608-1183","REF","Region_8","WMT","NATURAL",3,133,1.81,8
"NLA06608-1185","TRASH","Region_4","CPL","NATURAL",62,2869,104.53,0.35
"NLA06608-1189","SO-SO","Region_2","NAP","NATURAL",9,281,1.87,3.55
"NLA06608-1190","SO-SO","Region_10","WMT","MAN-MADE",3,96,6.18,0.85
"NLA06608-1191","SO-SO","Region_6","SPL","MAN-MADE",152,984,48.96,0.78
"NLA06608-1195","SO-SO","Region_5","TPL","NATURAL",26,753,16.57,1.1
"NLA06608-1198","SO-SO","Region_5","UMW","NATURAL",9,611,2.64,2.05
"NLA06608-1199","SO-SO","Region_5","TPL","MAN-MADE",44,836,49.58,0.93
"NLA06608-1204","TRASH","Region_6","SAP","MAN-MADE",10,230,5.04,2.93
"NLA06608-1206","REF","Region_5","UMW","NATURAL",17,834,2.98,0.8
"NLA06608-1207","SO-SO","Region_5","UMW","NATURAL",11,240,2.5,3.95
"NLA06608-1208","SO-SO","Region_7","SPL","MAN-MADE",182,1340,138.82,0.45
"NLA06608-1209","SO-SO","Region_3","NAP","MAN-MADE",22,437,6.55,1.58
"NLA06608-1217","SO-SO","Region_10","WMT","MAN-MADE",64,547,21.6,0.88
"NLA06608-1219","SO-SO","Region_8","NPL","MAN-MADE",99,3794,38.87,0.28
"NLA06608-1220","REF","Region_4","CPL","MAN-MADE",31,478,22.4,0.53
"NLA06608-1222","SO-SO","Region_1","CPL","NATURAL",12,391,10.4,2.3
"NLA06608-1223","SO-SO","Region_7","TPL","NATURAL",422,4053,81.6,0.2
"NLA06608-1227","SO-SO","Region_5","TPL","MAN-MADE",8,487,5.08,2.25
"NLA06608-1232","SO-SO","Region_7","TPL","MAN-MADE",12,483,5.65,2.45
"NLA06608-1236","SO-SO","Region_6","XER","MAN-MADE",52,504,4.75,0.33
"NLA06608-1238","SO-SO","Region_1","NAP","NATURAL",1,131,1.83,5.56
"NLA06608-1239","SO-SO","Region_5","UMW","NATURAL",117,3309,83.38,0.43
"NLA06608-1240","SO-SO","Region_6","SPL","MAN-MADE",141,771,28.87,1.1
"NLA06608-1241","SO-SO","Region_4","SAP","MAN-MADE",34,526,14.08,0.98
"NLA06608-1242","SO-SO","Region_5","TPL","NATURAL",11,849,2.9,4.45
"NLA06608-1243","SO-SO","Region_5","UMW","NATURAL",42,949,35.28,0.92
"NLA06608-1244","SO-SO","Region_7","SPL","NATURAL",253,3772,103.9,0.28
"NLA06608-1245","SO-SO","Region_4","CPL","NATURAL",25,596,17.44,0.3
"NLA06608-1255","TRASH","Region_8","TPL","NATURAL",1326,13825,516,0.1
"NLA06608-1256","REF","Region_7","TPL","MAN-MADE",20,346,2.58,2.23
"NLA06608-1258","SO-SO","Region_5","UMW","NATURAL",16,712,4.35,1.36
"NLA06608-1259","REF","Region_8","WMT","NATURAL",9,129,3.01,3.8
"NLA06608-1262","REF","Region_5","UMW","NATURAL",33,788,20.8,0.88
"NLA06608-1263","TRASH","Region_4","SAP","MAN-MADE",33,453,14,0.9
"NLA06608-1266","TRASH","Region_10","XER","MAN-MADE",933,2228,0.93,0.04
"NLA06608-1268","SO-SO","Region_7","TPL","MAN-MADE",69,990,37.84,0.54
"NLA06608-1269","TRASH","Region_9","XER","MAN-MADE",646,1911,113.14,0.32
"NLA06608-1270","SO-SO","Region_8","XER","MAN-MADE",15,223,1.6,0.78
"NLA06608-1271","SO-SO","Region_7","TPL","NATURAL",604,3534,98.88,0.4
"NLA06608-1273","TRASH","Region_2","SAP","MAN-MADE",197,2297,195.84,0.55
"NLA06608-1274","REF","Region_5","UMW","NATURAL",4,285,1.9,4.6
"NLA06608-1278","SO-SO","Region_8","TPL","NATURAL",303,1965,29.09,1.28
"NLA06608-1279","REF","Region_6","WMT","MAN-MADE",40,496,10.67,1.33
"NLA06608-1281","SO-SO","Region_10","WMT","NATURAL",4,400,1.19,4.03
"NLA06608-1283","SO-SO","Region_5","UMW","NATURAL",68,1012,46.37,0.68
"NLA06608-1284","SO-SO","Region_8","WMT","MAN-MADE",5,180,1.19,5.3
"NLA06608-1288","SO-SO","Region_6","CPL","MAN-MADE",86,619,45.22,0.48
"NLA06608-1292","SO-SO","Region_7","TPL","MAN-MADE",17,395,7.08,1.25
"NLA06608-1295","TRASH","Region_6","XER","MAN-MADE",138,740,26.08,0.44
"NLA06608-1297","SO-SO","Region_10","XER","NATURAL",17,1235,6.06,2
"NLA06608-1300","SO-SO","Region_6","SPL","MAN-MADE",5,229,1.59,2.15
"NLA06608-1303","SO-SO","Region_5","UMW","NATURAL",817,2338,7.65,2.55
"NLA06608-1312","SO-SO","Region_7","SAP","MAN-MADE",5,287,1.6,4.46
"NLA06608-1316","TRASH","Region_4","SAP","MAN-MADE",269,2606,62.4,0.15
"NLA06608-1319","SO-SO","Region_8","TPL","NATURAL",241,4791,169.63,0.28
"NLA06608-1321","REF","Region_8","WMT","MAN-MADE",10,168,1.57,5.75
"NLA06608-1323","SO-SO","Region_4","SAP","MAN-MADE",9,233,15.38,1.76
"NLA06608-1332","TRASH","Region_4","TPL","MAN-MADE",148,932,19.64,0.2
"NLA06608-1333","REF","Region_2","NAP","MAN-MADE",3,166,1.34,6.8
"NLA06608-1334","REF","Region_5","UMW","NATURAL",7,388,3,2
"NLA06608-1336","SO-SO","Region_6","SPL","MAN-MADE",94,1136,49.86,0.38
"NLA06608-1339","SO-SO","Region_8","SPL","MAN-MADE",184,3372,147.6,0.32
"NLA06608-1342","REF","Region_5","UMW","NATURAL",12,279,3.78,1.5
"NLA06608-1344","SO-SO","Region_8","NPL","NATURAL",27,419,6.3,1.15
"NLA06608-1346","SO-SO","Region_3","SAP","MAN-MADE",3,125,2.16,4.3
"NLA06608-1347","SO-SO","Region_5","UMW","NATURAL",12,551,5.07,2.65
"NLA06608-1348","SO-SO","Region_3","SAP","MAN-MADE",5,396,1.31,4.3
"NLA06608-1349","TRASH","Region_4","CPL","NATURAL",30,804,27.2,1.15
"NLA06608-1354","SO-SO","Region_8","NPL","MAN-MADE",6,480,3.63,4.56
"NLA06608-1355","SO-SO","Region_5","UMW","NATURAL",5,584,3.84,1.75
"NLA06608-1358","REF","Region_5","UMW","NATURAL",11,288,7.64,2.75
"NLA06608-1359","SO-SO","Region_5","TPL","NATURAL",108,1166,34.85,0.61
"NLA06608-1360","SO-SO","Region_7","SPL","MAN-MADE",60,734,49.92,0.85
"NLA06608-1364","TRASH","Region_4","SAP","MAN-MADE",213,2072,103.2,0.38
"NLA06608-1365","SO-SO","Region_2","NAP","MAN-MADE",13,257,5.36,1.55
"NLA06608-1367","SO-SO","Region_8","TPL","NATURAL",242,5338,184,0.12
"NLA06608-1368","TRASH","Region_6","SPL","MAN-MADE",110,1180,32.2,0.4
"NLA06608-1369","SO-SO","Region_4","SAP","MAN-MADE",50,679,30.08,0.63
"NLA06608-1370","SO-SO","Region_5","UMW","NATURAL",39,1063,16.16,1.45
"NLA06608-1372","SO-SO","Region_6","SPL","MAN-MADE",113,878,62.64,0.63
"NLA06608-1375","SO-SO","Region_5","TPL","MAN-MADE",79,2169,63.94,0.3
"NLA06608-1376","SO-SO","Region_7","SAP","MAN-MADE",18,346,9.12,1.89
"NLA06608-1377","REF","Region_8","WMT","NATURAL",8,101,0.87,6.3
"NLA06608-1380","SO-SO","Region_6","SPL","MAN-MADE",21,524,2.77,3.25
"NLA06608-1383","SO-SO","Region_5","UMW","NATURAL",35,1444,21.28,0.85
"NLA06608-1387","SO-SO","Region_5","UMW","NATURAL",25,994,9.97,0.95
"NLA06608-1389","SO-SO","Region_3","CPL","NATURAL",86,2506,52.85,0.7
"NLA06608-1390","SO-SO","Region_5","UMW","NATURAL",15,553,5.59,1.45
"NLA06608-1391","TRASH","Region_5","NAP","NATURAL",172,1360,67.97,0.33
"NLA06608-1396","SO-SO","Region_4","SAP","MAN-MADE",19,255,5.12,1.46
"NLA06608-1397","TRASH","Region_9","WMT","MAN-MADE",367,3559,210.6,0.2
"NLA06608-1398","REF","Region_5","UMW","NATURAL",24,624,7.87,0.8
"NLA06608-1401","SO-SO","Region_3","SAP","MAN-MADE",29,494,37.3,0.55
"NLA06608-1403","SO-SO","Region_8","SPL","MAN-MADE",7,389,1.93,2.35
"NLA06608-1413","SO-SO","Region_4","CPL","NATURAL",25,1614,49.2,0.5
"NLA06608-1414","SO-SO","Region_1","NAP","MAN-MADE",17,319,10.48,2
"NLA06608-1417","TRASH","Region_9","XER","MAN-MADE",7,251,1.99,4.4
"NLA06608-1420","SO-SO","Region_6","SPL","MAN-MADE",112,1154,13.38,0.18
"NLA06608-1421","SO-SO","Region_3","CPL","MAN-MADE",41,1100,75.6,0.36
"NLA06608-1425","SO-SO","Region_10","WMT","NATURAL",22,468,9.71,1.41
"NLA06608-1426","SO-SO","Region_10","WMT","NATURAL",35,557,12.37,1.15
"NLA06608-1432","SO-SO","Region_6","SPL","MAN-MADE",91,754,5.16,0.75
"NLA06608-1434","SO-SO","Region_5","UMW","NATURAL",5,458,2.31,3.75
"NLA06608-1435","TRASH","Region_5","TPL","NATURAL",50,1260,9.4,1.3
"NLA06608-1436","SO-SO","Region_6","SPL","MAN-MADE",20,478,4.72,1.14
"NLA06608-1439","SO-SO","Region_8","XER","MAN-MADE",12,273,3.33,3.35
"NLA06608-1445","TRASH","Region_10","XER","MAN-MADE",2670,5009,16.67,0.76
"NLA06608-1447","SO-SO","Region_5","UMW","NATURAL",13,760,5.09,2.1
"NLA06608-1450","SO-SO","Region_5","UMW","NATURAL",10,469,2.94,2.79
"NLA06608-1454","SO-SO","Region_5","TPL","NATURAL",125,2341,2.82,3.9
"NLA06608-1455","SO-SO","Region_8","WMT","MAN-MADE",37,429,8.8,2.4
"NLA06608-1460","SO-SO","Region_7","TPL","MAN-MADE",22,781,4.46,2.14
"NLA06608-1461","SO-SO","Region_9","XER","MAN-MADE",47,708,18.22,2.4
"NLA06608-1462","SO-SO","Region_8","NPL","MAN-MADE",450,1404,26.8,0.06
"NLA06608-1465","SO-SO","Region_3","SAP","MAN-MADE",5,497,5.97,3.9
"NLA06608-1469","SO-SO","Region_4","CPL","NATURAL",112,576,65.52,0.55
"NLA06608-1473","SO-SO","Region_10","WMT","MAN-MADE",8,181,2.01,4.24
"NLA06608-1476","SO-SO","Region_8","SPL","MAN-MADE",183,1891,62,0.2
"NLA06608-1481","SO-SO","Region_9","WMT","NATURAL",3,135,0.49,9.89
"NLA06608-1482","SO-SO","Region_4","CPL","MAN-MADE",80,1099,23.52,0.73
"NLA06608-1483","SO-SO","Region_8","WMT","MAN-MADE",13,274,4.81,2.78
"NLA06608-1484","REF","Region_6","SAP","MAN-MADE",11,105,3.8,1.76
"NLA06608-1487","SO-SO","Region_5","UMW","MAN-MADE",61,1071,14.59,1.93
"NLA06608-1488","SO-SO","Region_6","SPL","MAN-MADE",160,3409,114.62,0.28
"NLA06608-1489","SO-SO","Region_10","WMT","NATURAL",18,721,17.94,1.31
"NLA06608-1492","SO-SO","Region_5","TPL","MAN-MADE",41,758,40.61,0.61
"NLA06608-1496","SO-SO","Region_6","SPL","MAN-MADE",16,356,12.98,1.23
"NLA06608-1499","SO-SO","Region_5","UMW","NATURAL",17,483,2.91,4.05
"NLA06608-1504","SO-SO","Region_7","SAP","MAN-MADE",68,1199,155.08,0.46
"NLA06608-1508","SO-SO","Region_6","SPL","MAN-MADE",313,1680,11.74,0.38
"NLA06608-1510","SO-SO","Region_8","NPL","MAN-MADE",653,2440,28.48,0.87
"NLA06608-1511","SO-SO","Region_8","TPL","MAN-MADE",373,1446,5.24,2.45
"NLA06608-1515","SO-SO","Region_5","UMW","NATURAL",33,845,11.6,1.65
"NLA06608-1517","SO-SO","Region_3","SAP","MAN-MADE",14,339,6.38,1.46
"NLA06608-1521","SO-SO","Region_10","XER","MAN-MADE",113,1351,82.51,0.71
"NLA06608-1524","TRASH","Region_6","SPL","MAN-MADE",157,968,7.72,0.26
"NLA06608-1527","TRASH","Region_7","TPL","NATURAL",587,5191,381.6,0.09
"NLA06608-1529","SO-SO","Region_9","XER","MAN-MADE",55,649,6.04,1.2
"NLA06608-1532","SO-SO","Region_5","TPL","MAN-MADE",59,6203,42.66,1.06
"NLA06608-1537","SO-SO","Region_10","WMT","NATURAL",8,138,2.18,2.7
"NLA06608-1538","REF","Region_3","SAP","MAN-MADE",1,252,2.62,3.2
"NLA06608-1544","SO-SO","Region_7","TPL","NATURAL",69,2228,26.64,0.42
"NLA06608-1556","SO-SO","Region_5","TPL","NATURAL",19,474,5.39,2.32
"NLA06608-1560","SO-SO","Region_6","CPL","MAN-MADE",42,852,27.47,0.95
"NLA06608-1561","SO-SO","Region_3","SAP","MAN-MADE",10,263,3.24,2.1
"NLA06608-1562","SO-SO","Region_8","XER","MAN-MADE",16,348,2.94,2.32
"NLA06608-1564","SO-SO","Region_6","SPL","MAN-MADE",161,1159,12.8,0.15
"NLA06608-1568","SO-SO","Region_6","SPL","MAN-MADE",115,760,11.49,0.31
"NLA06608-1569","TRASH","Region_4","CPL","NATURAL",22,978,19.47,0.65
"NLA06608-1572","SO-SO","Region_4","TPL","MAN-MADE",26,420,4.45,1.83
"NLA06608-1575","SO-SO","Region_8","TPL","NATURAL",215,2503,88.2,0.68
"NLA06608-1576","SO-SO","Region_7","TPL","MAN-MADE",255,1344,68.4,0.38
"NLA06608-1577","SO-SO","Region_9","WMT","MAN-MADE",16,484,4.32,3.85
"NLA06608-1578","SO-SO","Region_8","NPL","MAN-MADE",110,1062,23.36,1.13
"NLA06608-1579","SO-SO","Region_5","UMW","NATURAL",7,501,2.26,3.49
"NLA06608-1593","SO-SO","Region_9","WMT","MAN-MADE",126,746,6.34,2.75
"NLA06608-1595","SO-SO","Region_8","SPL","MAN-MADE",18,392,5,1.55
"NLA06608-1596","TRASH","Region_7","SPL","NATURAL",1491,26100,684,0.15
"NLA06608-1600","SO-SO","Region_8","NPL","MAN-MADE",63,1011,13.01,1.95
"NLA06608-1602","SO-SO","Region_9","WMT","MAN-MADE",18,474,4.25,2.13
"NLA06608-1608","REF","Region_6","CPL","MAN-MADE",64,498,31.52,0.83
"NLA06608-1617","TRASH","Region_10","WMT","NATURAL",45,239,7.25,3.27
"NLA06608-1623","SO-SO","Region_6","CPL","MAN-MADE",134,1231,24.16,0.25
"NLA06608-1626","SO-SO","Region_5","UMW","NATURAL",30,623,14.78,1.95
"NLA06608-1630","SO-SO","Region_6","SPL","MAN-MADE",57,806,21.44,0.41
"NLA06608-1631","SO-SO","Region_8","XER","MAN-MADE",130,1209,27.58,1.82
"NLA06608-1633","SO-SO","Region_8","WMT","MAN-MADE",19,366,1.52,3.6
"NLA06608-1637","SO-SO","Region_3","NAP","NATURAL",32,440,19.87,1.45
"NLA06608-1638","SO-SO","Region_10","WMT","NATURAL",6,50,0.23,15.13
"NLA06608-1640","SO-SO","Region_7","SAP","MAN-MADE",90,777,23.2,0.78
"NLA06608-1641","TRASH","Region_9","WMT","NATURAL",185,845,5.66,0.19
"NLA06608-1643","REF","Region_5","UMW","NATURAL",5,488,3.17,3.5
"NLA06608-1652","SO-SO","Region_4","SAP","MAN-MADE",99,848,57.2,0.78
"NLA06608-1654","REF","Region_5","UMW","MAN-MADE",6,354,4.48,2.25
"NLA06608-1655","TRASH","Region_8","NPL","MAN-MADE",896,12241,542.4,0.12
"NLA06608-1668","SO-SO","Region_4","SAP","MAN-MADE",18,269,18.72,1.3
"NLA06608-1672","SO-SO","Region_6","SPL","MAN-MADE",15,510,100.51,0.15
"NLA06608-1674","SO-SO","Region_8","WMT","NATURAL",35,1043,2.32,3.05
"NLA06608-1675","TRASH","Region_8","WMT","MAN-MADE",16,521,3.01,4.05
"NLA06608-1679","SO-SO","Region_5","UMW","NATURAL",8,366,3.12,2.25
"NLA06608-1684","SO-SO","Region_5","TPL","MAN-MADE",17,338,22.63,1.13
"NLA06608-1687","TRASH","Region_8","TPL","NATURAL",441,918,7.52,0.75
"NLA06608-1690","SO-SO","Region_5","UMW","NATURAL",7,317,4.63,3.95
"NLA06608-1695","SO-SO","Region_8","WMT","NATURAL",19,216,2.29,3.7
"NLA06608-1703","SO-SO","Region_8","TPL","NATURAL",304,1949,32.04,0.28
"NLA06608-1704","SO-SO","Region_7","TPL","MAN-MADE",42,749,32.54,1
"NLA06608-1707","SO-SO","Region_5","UMW","NATURAL",8,723,3.29,1.5
"NLA06608-1711","SO-SO","Region_4","SAP","MAN-MADE",12,190,4.32,2.2
"NLA06608-1715","SO-SO","Region_6","SPL","MAN-MADE",27,582,8.8,1.43
"NLA06608-1717","REF","Region_9","XER","MAN-MADE",3,79,0.88,5.5
"NLA06608-1719","SO-SO","Region_8","NPL","NATURAL",441,8803,314.61,0.11
"NLA06608-1723","SO-SO","Region_8","SPL","MAN-MADE",1537,3516,2.82,3.45
"NLA06608-1724","SO-SO","Region_5","TPL","MAN-MADE",55,1282,55.28,0.91
"NLA06608-1733","SO-SO","Region_4","CPL","NATURAL",45,3516,167.04,0.35
"NLA06608-1735","REF","Region_6","CPL","NATURAL",60,679,62,0.95
"NLA06608-1736","SO-SO","Region_7","TPL","NATURAL",53,1453,38.2,0.58
"NLA06608-1739","REF","Region_8","WMT","MAN-MADE",7,157,2.23,5
"NLA06608-1740","SO-SO","Region_7","TPL","MAN-MADE",67,949,27.13,0.76
"NLA06608-1741","SO-SO","Region_3","CPL","MAN-MADE",124,2156,116.4,0.36
"NLA06608-1742","SO-SO","Region_5","UMW","NATURAL",7,244,3.37,4.95
"NLA06608-1748","REF","Region_8","WMT","MAN-MADE",4,131,1.04,5.25
"NLA06608-1755","SO-SO","Region_5","UMW","NATURAL",30,646,12.6,1.35
"NLA06608-1771","SO-SO","Region_5","UMW","NATURAL",10,603,4.03,2.7
"NLA06608-1775","TRASH","Region_4","SAP","MAN-MADE",74,548,23,0.65
"NLA06608-1781","SO-SO","Region_9","XER","MAN-MADE",58,789,14.56,0.6
"NLA06608-1782","SO-SO","Region_5","UMW","MAN-MADE",32,606,17.44,0.95
"NLA06608-1789","SO-SO","Region_3","SAP","MAN-MADE",1,501,1.35,4.25
"NLA06608-1791","TRASH","Region_4","SAP","MAN-MADE",5,401,1.63,4.03
"NLA06608-1793","REF","Region_10","WMT","NATURAL",9,139,5.45,2.75
"NLA06608-1800","REF","Region_6","CPL","NATURAL",50,604,43.63,0.78
"NLA06608-1802","SO-SO","Region_5","UMW","MAN-MADE",18,536,5.3,1.32
"NLA06608-1804","SO-SO","Region_6","SPL","MAN-MADE",120,699,25.47,1.15
"NLA06608-1808","REF","Region_6","CPL","MAN-MADE",48,628,24.8,0.64
"NLA06608-1810","SO-SO","Region_8","XER","MAN-MADE",69,611,14.8,0.55
"NLA06608-1811","SO-SO","Region_8","NPL","NATURAL",27,1558,7.57,1.41
"NLA06608-1812","SO-SO","Region_4","SAP","MAN-MADE",61,303,13.68,2.3
"NLA06608-1818","SO-SO","Region_8","WMT","NATURAL",7,90,0.68,8.09
"NLA06608-1821","TRASH","Region_3","SAP","MAN-MADE",255,2709,197,0.3
"NLA06608-1824","SO-SO","Region_7","SPL","MAN-MADE",56,824,25.14,0.65
"NLA06608-1825","SO-SO","Region_4","CPL","NATURAL",45,839,16.2,0.55
"NLA06608-1835","SO-SO","Region_5","UMW","NATURAL",16,531,2.02,3.05
"NLA06608-1836","SO-SO","Region_7","SPL","NATURAL",246,2766,115.56,0.36
"NLA06608-1839","SO-SO","Region_4","CPL","MAN-MADE",20,420,12.53,1.03
"NLA06608-1840","SO-SO","Region_5","TPL","MAN-MADE",216,1361,72,0.46
"NLA06608-1851","SO-SO","Region_8","SPL","MAN-MADE",23,228,6.05,1.07
"NLA06608-1856","SO-SO","Region_8","NPL","MAN-MADE",1129,3159,5.18,0.5
"NLA06608-1857","TRASH","Region_8","WMT","NATURAL",1,198,1.25,6.95
"NLA06608-1861","TRASH","Region_4","CPL","NATURAL",75,1216,55.32,0.65
"NLA06608-1862","TRASH","Region_9","XER","MAN-MADE",520,1058,7.6,0.1
"NLA06608-1863","REF","Region_6","CPL","MAN-MADE",32,506,61.44,1.33
"NLA06608-1867","SO-SO","Region_5","UMW","NATURAL",74,2091,52.7,0.53
"NLA06608-1868","SO-SO","Region_6","SPL","MAN-MADE",21,676,9,1.8
"NLA06608-1871","REF","Region_4","SAP","MAN-MADE",5,139,3.1,1.65
"NLA06608-1873","SO-SO","Region_10","WMT","NATURAL",1,37,0.46,9.16
"NLA06608-1874","SO-SO","Region_8","WMT","MAN-MADE",26,374,3.56,2.85
"NLA06608-1879","SO-SO","Region_8","TPL","NATURAL",328,4075,109.66,0.27
"NLA06608-1884","SO-SO","Region_7","TPL","MAN-MADE",39,2334,25.44,0.95
"NLA06608-1893","TRASH","Region_9","XER","MAN-MADE",302,581,6.94,0.19
"NLA06608-1906","SO-SO","Region_1","NAP","MAN-MADE",14,368,2.1,1.33
"NLA06608-1908","SO-SO","Region_5","SAP","MAN-MADE",10,185,0.94,4.95
"NLA06608-1910","REF","Region_5","UMW","NATURAL",37,830,22.24,0.8
"NLA06608-1930","SO-SO","Region_10","XER","MAN-MADE",31,178,1.48,3.3
"NLA06608-1936","SO-SO","Region_7","TPL","MAN-MADE",89,788,31.4,0.4
"NLA06608-1948","SO-SO","Region_7","SPL","NATURAL",486,2981,20.88,0.84
"NLA06608-1953","SO-SO","Region_8","WMT","NATURAL",15,226,9.17,2.13
"NLA06608-1958","SO-SO","Region_10","WMT","MAN-MADE",10,18,0.67,4.63
"NLA06608-1959","SO-SO","Region_8","TPL","MAN-MADE",493,1494,17.49,0.51
"NLA06608-1960","SO-SO","Region_6","TPL","MAN-MADE",108,403,14.85,0.3
"NLA06608-1968","SO-SO","Region_8","NPL","MAN-MADE",255,2076,94.93,0.24
"NLA06608-1975","SO-SO","Region_7","TPL","NATURAL",18,739,4.98,2.46
"NLA06608-1985","REF","Region_10","WMT","NATURAL",3,27,0.66,10.45
"NLA06608-1989","SO-SO","Region_10","XER","MAN-MADE",71,658,17.12,1.45
"NLA06608-1992","TRASH","Region_6","CPL","MAN-MADE",108,2041,104.4,0.4
"NLA06608-1998","REF","Region_5","UMW","NATURAL",13,430,3.32,2.75
"NLA06608-2005","TRASH","Region_10","XER","MAN-MADE",276,1398,194.4,0.3
"NLA06608-2007","SO-SO","Region_8","TPL","NATURAL",59,1331,6.72,1.11
"NLA06608-2010","SO-SO","Region_4","CPL","MAN-MADE",24,494,14.3,1.61
"NLA06608-2027","SO-SO","Region_8","WMT","MAN-MADE",49,551,3.95,1.13
"NLA06608-2036","SO-SO","Region_7","TPL","NATURAL",11,278,4.41,1.56
"NLA06608-2037","SO-SO","Region_9","XER","MAN-MADE",175,1190,19.2,0.42
"NLA06608-2039","TRASH","Region_7","TPL","NATURAL",277,4691,338.4,0.13
"NLA06608-2049","SO-SO","Region_8","WMT","NATURAL",5,276,1.42,4.15
"NLA06608-2056","TRASH","Region_7","TPL","MAN-MADE",572,2082,92.16,0.37
"NLA06608-2072","SO-SO","Region_6","CPL","MAN-MADE",78,1134,105.84,0.68
"NLA06608-2074","SO-SO","Region_4","CPL","MAN-MADE",72,1004,61.09,0.65
"NLA06608-2076","SO-SO","Region_6","SAP","MAN-MADE",11,124,3.59,1.93
"NLA06608-2078","SO-SO","Region_5","UMW","NATURAL",7,569,8.64,2.59
"NLA06608-2082","SO-SO","Region_10","WMT","MAN-MADE",17,496,3.57,2.1
"NLA06608-2086","SO-SO","Region_1","NAP","NATURAL",5,276,1.59,4.15
"NLA06608-2087","SO-SO","Region_8","TPL","NATURAL",197,2859,64.51,0.34
"NLA06608-2091","REF","Region_4","CPL","MAN-MADE",53,401,20.43,0.99
"NLA06608-2092","TRASH","Region_6","CPL","MAN-MADE",135,1804,84.96,0.43
"NLA06608-2094","SO-SO","Region_6","CPL","MAN-MADE",35,438,20.64,1.07
"NLA06608-2095","SO-SO","Region_8","XER","MAN-MADE",48,316,2.89,0.79
"NLA06608-2103","SO-SO","Region_8","NPL","NATURAL",170,3503,8.13,0.79
"NLA06608-2114","SO-SO","Region_3","SAP","MAN-MADE",1,402,3.41,2.7
"NLA06608-2117","SO-SO","Region_4","CPL","NATURAL",169,5572,149.6,0.25
"NLA06608-2120","SO-SO","Region_6","SPL","MAN-MADE",28,869,13.47,1.16
"NLA06608-2123","TRASH","Region_8","TPL","NATURAL",613,3009,166.63,0.24
"NLA06608-2131","SO-SO","Region_8","NPL","NATURAL",14,1820,13.44,0.43
"NLA06608-2134","SO-SO","Region_10","WMT","MAN-MADE",21,211,6.15,1.71
"NLA06608-2135","SO-SO","Region_8","TPL","NATURAL",24,1117,15.22,1.45
"NLA06608-2152","SO-SO","Region_7","SAP","MAN-MADE",29,535,23.83,1.61
"NLA06608-2154","SO-SO","Region_4","CPL","MAN-MADE",112,1007,46.4,0.59
"NLA06608-2155","SO-SO","Region_5","UMW","NATURAL",1,644,1.46,2.5
"NLA06608-2162","SO-SO","Region_1","NAP","NATURAL",21,295,3.74,2.48
"NLA06608-2177","SO-SO","Region_8","WMT","NATURAL",3,334,1.39,5.45
"NLA06608-2185","SO-SO","Region_9","XER","MAN-MADE",15,188,4.2,2.6
"NLA06608-2187","TRASH","Region_4","SAP","MAN-MADE",20,366,14.96,1.25
"NLA06608-2196","SO-SO","Region_5","SAP","MAN-MADE",15,407,3.38,2.65
"NLA06608-2217","REF","Region_9","WMT","MAN-MADE",9,300,2.79,2.98
"NLA06608-2219","TRASH","Region_5","UMW","MAN-MADE",33,634,20.52,1.17
"NLA06608-2241","SO-SO","Region_10","WMT","NATURAL",9,256,1.13,5.63
"NLA06608-2250","SO-SO","Region_8","WMT","NATURAL",11,140,0.7,9.4
"NLA06608-2253","SO-SO","Region_3","CPL","MAN-MADE",86,3591,30.08,0.87
"NLA06608-2257","SO-SO","Region_10","WMT","NATURAL",6,214,1.91,4.72
"NLA06608-2266","SO-SO","Region_8","NPL","MAN-MADE",21,350,1.62,2
"NLA06608-2267","REF","Region_5","UMW","NATURAL",25,793,8.5,1.75
"NLA06608-2283","SO-SO","Region_5","UMW","NATURAL",7,559,3.43,3.15
"NLA06608-2305","SO-SO","Region_10","WMT","NATURAL",9,329,6.54,2.31
"NLA06608-2322","SO-SO","Region_8","XER","MAN-MADE",31,388,3.57,3.4
"NLA06608-2332","TRASH","Region_7","SPL","MAN-MADE",318,779,14.29,1.1
"NLA06608-2333","SO-SO","Region_3","CPL","MAN-MADE",75,2311,68.88,1.06
"NLA06608-2345","TRASH","Region_8","XER","MAN-MADE",15,391,3.04,1.25
"NLA06608-2354","SO-SO","Region_1","NAP","NATURAL",12,331,7.78,2.63
"NLA06608-2372","SO-SO","Region_9","XER","MAN-MADE",54,439,4.84,1
"NLA06608-2379","TRASH","Region_8","XER","MAN-MADE",12,2076,1.42,5.05
"NLA06608-2418","SO-SO","Region_1","NAP","MAN-MADE",35,366,24.32,1.12
"NLA06608-2426","TRASH","Region_8","NPL","NATURAL",1697,25663,69.6,0.38
"NLA06608-2429","REF","Region_8","XER","MAN-MADE",9,133,2.45,4.65
"NLA06608-2438","TRASH","Region_10","XER","MAN-MADE",636,1674,4.64,0.11
"NLA06608-2450","SO-SO","Region_10","WMT","NATURAL",3,148,0.9,7.48
"NLA06608-2453","TRASH","Region_9","XER","MAN-MADE",283,765,4.59,0.3
"NLA06608-2457","SO-SO","Region_8","WMT","MAN-MADE",16,314,3.69,2.35
"NLA06608-2463","SO-SO","Region_8","XER","MAN-MADE",6,183,1.58,5.25
"NLA06608-2477","TRASH","Region_9","XER","MAN-MADE",32,1238,1.83,1.2
"NLA06608-2481","SO-SO","Region_10","WMT","MAN-MADE",36,421,0.95,3.98
"NLA06608-2492","REF","Region_4","CPL","MAN-MADE",33,337,19.36,0.86
"NLA06608-2497","SO-SO","Region_10","WMT","MAN-MADE",64,868,20.91,0.7
"NLA06608-2507","SO-SO","Region_5","TPL","MAN-MADE",34,1101,38.02,0.82
"NLA06608-2513","SO-SO","Region_10","WMT","NATURAL",5,259,3.54,5.19
"NLA06608-2523","SO-SO","Region_5","UMW","NATURAL",56,1259,13.5,0.79
"NLA06608-2524","SO-SO","Region_6","CPL","NATURAL",33,580,41.9,0.98
"NLA06608-2565","SO-SO","Region_4","CPL","NATURAL",19,410,7.1,1.15
"NLA06608-2593","SO-SO","Region_4","CPL","NATURAL",41,1337,38.2,0.55
"NLA06608-2629","TRASH","Region_4","CPL","NATURAL",66,1188,27.16,0.5
"NLA06608-2640","SO-SO","Region_7","SPL","MAN-MADE",48,1113,25.12,1
"NLA06608-2644","SO-SO","Region_5","TPL","MAN-MADE",121,1240,4.43,0.41
"NLA06608-2655","TRASH","Region_8","XER","MAN-MADE",102,2286,29.46,1.65
"NLA06608-2673","SO-SO","Region_10","WMT","NATURAL",72,423,1.33,5.5
"NLA06608-2685","SO-SO","Region_8","WMT","MAN-MADE",7,169,2.43,2.45
"NLA06608-2696","SO-SO","Region_6","SPL","MAN-MADE",75,733,41.76,0.75
"NLA06608-2704","SO-SO","Region_6","SPL","MAN-MADE",105,1672,25.88,0.25
"NLA06608-2708","SO-SO","Region_5","SAP","MAN-MADE",12,388,5.16,2.4
"NLA06608-2714","SO-SO","Region_8","WMT","MAN-MADE",8,216,9.07,3.85
"NLA06608-2715","SO-SO","Region_7","SPL","MAN-MADE",36,369,4.75,0.52
"NLA06608-2726","SO-SO","Region_10","WMT","NATURAL",5,191,1.18,6.99
"NLA06608-2740","SO-SO","Region_7","SPL","MAN-MADE",121,359,11.37,0.65
"NLA06608-2753","TRASH","Region_10","XER","NATURAL",16,1496,3.39,2.67
"NLA06608-2776","SO-SO","Region_6","SPL","MAN-MADE",36,1144,13.86,0.79
"NLA06608-2779","SO-SO","Region_5","UMW","NATURAL",21,713,6,1.85
"NLA06608-2797","SO-SO","Region_9","XER","MAN-MADE",24,664,2.02,2.13
"NLA06608-2800","SO-SO","Region_8","NPL","MAN-MADE",11,235,2.41,4
"NLA06608-2801","SO-SO","Region_10","XER","MAN-MADE",36,339,6.82,0.35
"NLA06608-2823","SO-SO","Region_6","CPL","MAN-MADE",31,751,24.32,1.08
"NLA06608-2824","SO-SO","Region_7","SPL","MAN-MADE",208,794,25.28,0.8
"NLA06608-2831","TRASH","Region_4","SAP","MAN-MADE",107,738,37.6,0.48
"NLA06608-2833","SO-SO","Region_10","XER","MAN-MADE",16,640,3.06,4.39
"NLA06608-2874","REF","Region_8","NPL","MAN-MADE",76,487,3.94,4.2
"NLA06608-2881","SO-SO","Region_8","WMT","NATURAL",1,50,0.89,6.95
"NLA06608-2889","TRASH","Region_9","XER","MAN-MADE",577,1476,1.77,8.2
"NLA06608-2891","SO-SO","Region_5","UMW","NATURAL",8,790,7.2,3
"NLA06608-2916","TRASH","Region_5","TPL","MAN-MADE",15,324,1.98,3.3
"NLA06608-2924","SO-SO","Region_6","SPL","MAN-MADE",13,693,12.64,1.21
"NLA06608-2954","TRASH","Region_10","XER","NATURAL",876,7684,136.66,1.58
"NLA06608-2955","SO-SO","Region_4","SAP","MAN-MADE",58,513,32.98,0.74
"NLA06608-2972","TRASH","Region_7","SPL","NATURAL",347,5350,145,0.16
"NLA06608-2987","SO-SO","Region_5","UMW","NATURAL",29,1336,15.18,0.99
"NLA06608-2996","TRASH","Region_6","SPL","MAN-MADE",130,1440,16.64,0.28
"NLA06608-3032","TRASH","Region_6","SPL","MAN-MADE",94,1543,44.93,0.29
"NLA06608-3035","SO-SO","Region_5","UMW","NATURAL",7,738,3.25,3.65
"NLA06608-3083","SO-SO","Region_6","CPL","MAN-MADE",96,685,20.64,1.18
"NLA06608-3096","SO-SO","Region_6","CPL","MAN-MADE",17,559,9.87,2.49
"NLA06608-3121","SO-SO","Region_10","WMT","MAN-MADE",46,455,14.64,1.55
"NLA06608-3147","SO-SO","Region_5","UMW","NATURAL",46,999,37.66,1.05
"NLA06608-3153","SO-SO","Region_10","WMT","NATURAL",1,116,1.5,7
"NLA06608-3157","SO-SO","Region_10","WMT","MAN-MADE",8,70,2.21,2.3
"NLA06608-3160","TRASH","Region_7","TPL","MAN-MADE",237,2655,271.44,0.27
"NLA06608-3169","SO-SO","Region_4","CPL","NATURAL",105,1200,54.43,0.45
"NLA06608-3228","SO-SO","Region_6","SPL","MAN-MADE",74,658,8.7,0.82
"NLA06608-3265","SO-SO","Region_10","WMT","NATURAL",7,338,1.77,6.27
"NLA06608-3303","TRASH","Region_6","SPL","MAN-MADE",81,1535,35.42,0.79
"NLA06608-3313","SO-SO","Region_10","XER","MAN-MADE",41,316,7.73,0.97
"NLA06608-3320","SO-SO","Region_6","SAP","MAN-MADE",88,612,19.07,0.4
"NLA06608-3329","SO-SO","Region_10","WMT","NATURAL",10,374,3.7,2.88
"NLA06608-3480","SO-SO","Region_6","SPL","MAN-MADE",88,1612,38.88,0.59
"NLA06608-3484","SO-SO","Region_7","SPL","NATURAL",180,4319,83.5,0.16
"NLA06608-3608","SO-SO","Region_7","TPL","MAN-MADE",191,1821,52.85,0.69
"NLA06608-3616","SO-SO","Region_6","SPL","MAN-MADE",15,455,1.69,1.3
"NLA06608-3644","SO-SO","Region_7","SPL","NATURAL",58,2063,19.2,0.52
"NLA06608-3656","TRASH","Region_7","SPL","NATURAL",471,5813,428,0.23
"NLA06608-3660","TRASH","Region_7","SPL","MAN-MADE",1329,2263,5.25,0.05
"NLA06608-3698","REF","Region_1","NAP","MAN-MADE",6,300,4.59,2.56
"NLA06608-3846","REF","Region_1","NAP","NATURAL",3,110,0.9,4.79
"NLA06608-3890","SO-SO","Region_1","NAP","NATURAL",1,98,2.77,3.9
"NLA06608-3911","REF","Region_6","CPL","MAN-MADE",43,643,29.12,0.73
"NLA06608-4056","SO-SO","Region_6","SPL","MAN-MADE",75,651,8.08,1
"NLA06608-4064","SO-SO","Region_6","SPL","MAN-MADE",47,770,10.19,0.9
"NLA06608-4206","SO-SO","Region_6","SPL","MAN-MADE",61,1627,66.96,0.62
"NLA06608-4252","SO-SO","Region_1","NAP","NATURAL",1,188,1.47,4.95
"NLA06608-4320","TRASH","Region_6","SPL","MAN-MADE",177,1871,2.5,0.8
"NLA06608-4382","SO-SO","Region_6","SPL","MAN-MADE",35,571,12.08,0.75
"NLA06608-4413","SO-SO","Region_1","NAP","MAN-MADE",8,251,2.56,2.7
"NLA06608-4414","SO-SO","Region_6","SAP","MAN-MADE",38,480,12.1,0.88
"NLA06608-4440","SO-SO","Region_6","SPL","MAN-MADE",38,803,34.2,0.83
"NLA06608-4472","SO-SO","Region_6","SPL","MAN-MADE",282,816,29.4,0.3
"NLA06608-4504","REF","Region_6","SPL","MAN-MADE",32,680,18.51,0.88
"NLA06608-4610","REF","Region_6","SPL","MAN-MADE",22,426,5.38,1.62
"NLA06608-4643","SO-SO","Region_6","SPL","MAN-MADE",19,557,13.83,1.15
"NLA06608-4650","REF","Region_6","CPL","MAN-MADE",43,681,26.08,0.79
"NLA06608-4659","SO-SO","Region_6","SPL","MAN-MADE",90,1247,76.32,0.37
"NLA06608-4686","SO-SO","Region_6","CPL","MAN-MADE",84,446,16.8,0.38
"NLA06608-4698","SO-SO","Region_6","CPL","NATURAL",142,1333,104.4,0.63
"NLA06608-4828","SO-SO","Region_6","SPL","MAN-MADE",24,421,4.62,1.23
"NLA06608-4929","TRASH","Region_6","SAP","MAN-MADE",121,954,38.3,0.94
"NLA06608-9999","REF","Region_1","NAP","NATURAL",1,149,1.02,8.55
"NLA06608-ALPS-1218","SO-SO","Region_1","NAP","NATURAL",14,414,1.09,1.04
"NLA06608-ALSC:020149","REF","Region_2","NAP","NATURAL",5,191,3.27,3.7
"NLA06608-ELS:1C2-032","SO-SO","Region_1","NAP","NATURAL",11,264,14.18,1.28
"NLA06608-ELS:1C3-003","REF","Region_1","NAP","NATURAL",9,256,2.72,3.77
"NLA06608-ELS:1D1-035","REF","Region_1","CPL","NATURAL",23,444,31.36,1.52
"NLA06608-ELS:1D2-087","SO-SO","Region_1","CPL","MAN-MADE",35,532,16.8,0.86
"NLA06608-ELS:1E1-052","REF","Region_1","NAP","NATURAL",10,130,1.67,4.5
"NLA06608-ELS:1E1-096","REF","Region_1","NAP","NATURAL",9,236,2.91,2.06
"NLA06608-ELS:1E1-128","SO-SO","Region_1","NAP","NATURAL",8,394,3.15,2.46
"NLA06608-ELS:1E3-012","REF","Region_1","NAP","NATURAL",4,161,1.17,5.28
"NLA06608-ELS:2B2-008","REF","Region_5","UMW","NATURAL",8,299,3.97,1.39
"NLA06608-ELS:2C2-048","SO-SO","Region_5","UMW","NATURAL",8,593,5.64,2.79
"NLA06608-ELS:2C3-018","REF","Region_5","UMW","NATURAL",10,328,5.45,1.94
"NLA06608-ELS:2D3-008","SO-SO","Region_5","UMW","NATURAL",13,722,1.11,5.05
"NLA06608-EMAP:ME011L","SO-SO","Region_1","NAP","NATURAL",13,246,4.35,2.5
"NLA06608-EMAP:ME012L","REF","Region_1","NAP","NATURAL",1,129,0.69,5.64
"NLA06608-EMAP:ME254L","REF","Region_1","NAP","NATURAL",5,204,1.75,3.92
"NLA06608-EMAP:ME263L","SO-SO","Region_1","NAP","NATURAL",11,314,1.84,1.58
"NLA06608-EMAP:ME518L","REF","Region_1","NAP","NATURAL",7,156,2.06,4.59
"NLA06608-FL:107895579","TRASH","Region_4","CPL","NATURAL",33,985,10.53,1.35
"NLA06608-FL:16674741","SO-SO","Region_4","CPL","NATURAL",8,98,1.54,3.4
"NLA06608-FL:18261987","REF","Region_4","CPL","NATURAL",20,474,5.28,1.25
"NLA06608-FL:99324403","SO-SO","Region_4","CPL","NATURAL",24,801,18.72,1.25
"NLA06608-IN:646","SO-SO","Region_5","UMW","NATURAL",4,2089,1.01,1.7
"NLA06608-MI:7007","REF","Region_5","UMW","NATURAL",9,828,2.75,2.84
"NLA06608-MN:03-0029","SO-SO","Region_5","UMW","NATURAL",9,779,2.67,3.75
"NLA06608-MN:06-0002","SO-SO","Region_5","TPL","NATURAL",271,2475,42.26,0.55
"NLA06608-MN:11-0102","REF","Region_5","UMW","NATURAL",9,447,2.47,3.65
"NLA06608-MN:15-0010","SO-SO","Region_5","UMW","NATURAL",9,529,2.87,3.91
"NLA06608-MN:22-0074","SO-SO","Region_5","TPL","NATURAL",62,1175,47.95,0.6
"NLA06608-MN:49-0140","SO-SO","Region_5","UMW","NATURAL",7,595,1.21,6.35
"NLA06608-MN:51-0063","SO-SO","Region_5","TPL","NATURAL",140,1174,25.12,0.25
"NLA06608-MN:56-0306","SO-SO","Region_5","UMW","NATURAL",8,540,5.39,2.45
"NLA06608-MN:61-0037","SO-SO","Region_5","UMW","NATURAL",19,835,7,2.55
"NLA06608-MN:74-0023","SO-SO","Region_5","TPL","NATURAL",34,880,13.54,1.43
"NLA06608-MN:75-0200","SO-SO","Region_5","TPL","NATURAL",446,2647,15.43,0.35
"NLA06608-MN:77-0019","SO-SO","Region_5","UMW","NATURAL",17,1065,12.78,2.18
"NLA06608-MN:87-0030","SO-SO","Region_5","TPL","NATURAL",82,1987,40.03,0.4
"NLA06608-NELP-0253","SO-SO","Region_1","NAP","NATURAL",4,183,1.04,5.92
"NLA06608-NELP-0955","REF","Region_1","NAP","NATURAL",1,118,0.82,6.07
"NLA06608-NELP-1330","REF","Region_1","NAP","NATURAL",1,168,0.82,6.91
"NLA06608-NELP-2155","REF","Region_1","NAP","NATURAL",1,146,0.73,7.37
"NLA06608-NELP-3586","REF","Region_1","NAP","NATURAL",3,138,1.08,6.22
"NLA06608-NH250L","SO-SO","Region_1","NAP","NATURAL",12,292,3.99,2.65
"NLA06608-NH4912","SO-SO","Region_1","NAP","NATURAL",4,177,0.78,7.15
"NLA06608-NV:2","SO-SO","Region_9","XER","NATURAL",11,124,1.29,3.1
"NLA06608-NV:4","TRASH","Region_9","XER","MAN-MADE",154,3225,28,0.08
"NLA06608-OH:19","SO-SO","Region_5","TPL","NATURAL",17,500,5.89,1.9
"NLA06608-OH:22","SO-SO","Region_5","TPL","NATURAL",3,244,1,5.68
"NLA06608-R10BULLTR","REF","Region_10","WMT","NATURAL",3,88,0.7,8.25
"NLA06608-R10CHARLT","REF","Region_10","WMT","NATURAL",1,136,0.2,17.1
"NLA06608-R10COUNCI","REF","Region_10","WMT","NATURAL",1,39,0.68,9.25
"NLA06608-R10FISHLA","SO-SO","Region_10","XER","NATURAL",13,279,7.79,2.9
"NLA06608-R10FOURMI","REF","Region_10","WMT","NATURAL",4,143,2.74,18.1
"NLA06608-R10RAINYL","REF","Region_10","WMT","NATURAL",3,56,0.53,13
"NLA06608-R10SQUAWL","REF","Region_10","WMT","NATURAL",4,150,0.66,9.25
"NLA06608-R10ULAKE","SO-SO","Region_10","WMT","NATURAL",10,312,6.04,2.15
"NLA06608-R10YELLOW","REF","Region_10","WMT","NATURAL",3,36,0.38,18.25
"NLA06608-R31","SO-SO","Region_3","SAP","MAN-MADE",8,1103,2.87,4.2
"NLA06608-R314","REF","Region_3","SAP","MAN-MADE",11,230,3.97,3.26
"NLA06608-R315","REF","Region_3","SAP","MAN-MADE",4,101,2.48,4.21
"NLA06608-R318","REF","Region_3","SAP","MAN-MADE",8,235,5.34,3.94
"NLA06608-R319","SO-SO","Region_3","CPL","MAN-MADE",37,531,12.11,0.46
"NLA06608-R32","SO-SO","Region_3","SAP","MAN-MADE",3,505,1.68,6.9
"NLA06608-R322","REF","Region_3","SAP","MAN-MADE",7,219,2.03,3.11
"NLA06608-R323","SO-SO","Region_3","CPL","MAN-MADE",26,629,15.96,1.05
"NLA06608-R324","REF","Region_3","CPL","MAN-MADE",6,366,4.67,2.4
"NLA06608-R326","REF","Region_3","CPL","MAN-MADE",31,740,27.52,0.65
"NLA06608-R328","REF","Region_3","SAP","MAN-MADE",9,277,2.24,5.81
"NLA06608-R333","REF","Region_3","CPL","MAN-MADE",22,366,8.48,1.47
"NLA06608-R334","SO-SO","Region_3","SAP","MAN-MADE",12,311,8.48,1.65
"NLA06608-R336","SO-SO","Region_3","SAP","MAN-MADE",4,169,12,1.03
"NLA06608-R34","SO-SO","Region_3","SAP","MAN-MADE",3,309,2.51,3.33
"NLA06608-R5:KATHRYN","REF","Region_5","UMW","NATURAL",7,405,4.1,2.34
"NLA06608-R5:OTTAWA","REF","Region_5","UMW","NATURAL",3,148,1.05,7.95
"NLA06608-R7101","SO-SO","Region_7","SPL","NATURAL",363,6880,118.4,0.15
"NLA06608-R7103","TRASH","Region_7","SPL","NATURAL",839,9359,77.2,0.45
"NLA06608-R7106","SO-SO","Region_7","TPL","MAN-MADE",318,1281,30.67,0.53
"NLA06608-R715","SO-SO","Region_7","TPL","MAN-MADE",54,1205,70.27,0.55
"NLA06608-R716","SO-SO","Region_7","TPL","NATURAL",23,544,15.01,1.35
"NLA06608-R723","SO-SO","Region_7","TPL","MAN-MADE",20,380,13.87,1.45
"NLA06608-R728","SO-SO","Region_7","TPL","MAN-MADE",19,333,21.28,0.95
"NLA06608-R730","SO-SO","Region_7","TPL","MAN-MADE",37,513,16.32,0.53
"NLA06608-R733","SO-SO","Region_7","TPL","MAN-MADE",62,637,14.26,0.88
"NLA06608-R736","SO-SO","Region_7","TPL","MAN-MADE",26,389,11.04,1.8
"NLA06608-R746","REF","Region_7","TPL","MAN-MADE",37,408,17.28,1
"NLA06608-R750","SO-SO","Region_7","TPL","MAN-MADE",80,983,35.86,0.7
"NLA06608-R759","TRASH","Region_7","SPL","MAN-MADE",17,611,4.78,1.55
"NLA06608-R764","SO-SO","Region_7","SPL","MAN-MADE",14,350,7.98,1.3
"NLA06608-R767","REF","Region_7","SAP","MAN-MADE",10,203,0.79,3
"NLA06608-R769","SO-SO","Region_7","SAP","MAN-MADE",8,316,1.49,3.9
"NLA06608-R770","REF","Region_7","SAP","MAN-MADE",5,223,2.7,3
"NLA06608-R772","SO-SO","Region_7","SAP","MAN-MADE",16,351,7.6,1.25
"NLA06608-R775","TRASH","Region_7","SAP","MAN-MADE",10,326,5.36,2.4
"NLA06608-R784","REF","Region_7","SPL","MAN-MADE",31,789,6.75,0.95
"NLA06608-R791","TRASH","Region_7","SPL","NATURAL",2147,25638,101.25,0.15
"NLA06608-R792","SO-SO","Region_7","SPL","NATURAL",393,8647,143.6,0.15
"NLA06608-R796","TRASH","Region_7","SPL","NATURAL",495,7925,99.52,0.21
"NLA06608-TX:10","SO-SO","Region_6","SPL","MAN-MADE",63,767,33.55,1
"NLA06608-TX:14","SO-SO","Region_6","SPL","MAN-MADE",16,468,8.16,1.65
"NLA06608-TX:15","SO-SO","Region_6","SPL","MAN-MADE",14,484,3.63,1.45
"NLA06608-TX:19","SO-SO","Region_6","CPL","MAN-MADE",72,1069,8.43,1.55
"NLA06608-TX:22","SO-SO","Region_6","CPL","MAN-MADE",11,258,109.83,0.55
"NLA06608-TX:27","SO-SO","Region_6","SPL","MAN-MADE",69,933,12.58,0.8
"NLA06608-TX:29","SO-SO","Region_6","SPL","MAN-MADE",8,308,3.89,2.55
"NLA06608-TX:30","SO-SO","Region_6","CPL","MAN-MADE",181,1433,80.1,0.45
"NLA06608-TX:5","SO-SO","Region_6","SPL","MAN-MADE",74,683,15.12,1.88
"NLA06608-WI:LOWES","SO-SO","Region_5","TPL","NATURAL",67,1566,149.04,1.4
"NLA06608-WI:SY","SO-SO","Region_5","TPL","NATURAL",49,905,32.9,1.25
